DB00001,BE0000048
DB00002,BE0000767;BE0000901;BE0002093;BE0002094;BE0002095;BE0002096;BE0002097;BE0001529;BE0000710;BE0002098;BE0002099;BE0002100
DB00003,BE0004796
DB00004,BE0000658;BE0000651;BE0002102
DB00005,BE0000704;BE0000949;BE0000710;BE0002097;BE0002098;BE0002099;BE0002100;BE0001087;BE0000901;BE0001529;BE0002093;BE0002094;BE0002095;BE0002096
DB00006,BE0000048
DB00007,BE0000203
DB00008,BE0000385;BE0000661
DB00009,BE0000211;BE0000538;BE0000717;BE0000240
DB00010,BE0000625
DB00011,BE0000385;BE0000661
DB00012,BE0000654
DB00013,BE0000211;BE0000717;BE0000895;BE0001088;BE0000240;BE0000969;BE0002112;BE0000942;BE0001656;BE0002113
DB00014,BE0000134;BE0000203
DB00015,BE0000211;BE0000538;BE0000717;BE0000240
DB00016,BE0000654
DB00017,BE0000431
DB00018,BE0000661;BE0000385
DB00019,BE0000793;BE0000394
DB00020,BE0000628;BE0001036;BE0002115;BE0002116;BE0002114
DB00021,BE0000318
DB00022,BE0000661;BE0000385
DB00023,BE0004798
DB00024,BE0000490
DB00025,BE0000216;BE0000364;BE0001043;BE0002117;BE0002118;BE0001098;BE0002109;BE0001011;BE0002119;BE0002110;BE0002120
DB00026,BE0000565
DB00027,
DB00028,BE0000710;BE0004684;BE0002098;BE0002099;BE0002100;BE0002097;BE0000901;BE0003455;BE0004685;BE0004686;BE0000855
DB00029,BE0000211;BE0000538;BE0000717;BE0000240
DB00030,BE0000033;BE0000858;BE0002123;BE0000941;BE0001183;BE0002124;BE0001123;BE0002125;BE0001147;BE0000942;BE0002126;BE0002127
DB00031,BE0000211;BE0000538;BE0000717;BE0000240;BE0000969;BE0002104;BE0002105;BE0001170;BE0002109;BE0001011;BE0002110
DB00032,BE0000387;BE0000134
DB00033,BE0000711;BE0000467
DB00034,BE0000661;BE0000385
DB00035,BE0000293;BE0000165;BE0000773
DB00036,BE0000216;BE0002128;BE0000967;BE0000403;BE0000333;BE0001178
DB00038,BE0000416
DB00039,BE0000748;BE0002129;BE0002131;BE0001203;BE0002133;BE0001031
DB00040,BE0000527;BE0002134;BE0000857
DB00041,BE0000651;BE0000658;BE0002102
DB00042,BE0002137;BE0002136;BE0002138
DB00043,BE0000015;BE0002139
DB00044,BE0000134
DB00045,BE0001164
DB00046,BE0000033;BE0000858
DB00047,BE0000033;BE0000858
DB00048,BE0000025;BE0002140;BE0002130;BE0002141
DB00049,BE0004823
DB00050,BE0000203;BE0000134
DB00051,BE0000704;BE0000901;BE0002093;BE0002094;BE0002095;BE0002096;BE0002097;BE0001529;BE0000710;BE0002098;BE0002099;BE0002100
DB00052,BE0000075;BE0000345
DB00053,BE0004806
DB00054,BE0001155;BE0000439;BE0000901;BE0002093;BE0002094;BE0002095;BE0002096;BE0002097;BE0001529;BE0000710;BE0002098;BE0002099;BE0002100;BE0001068
DB00055,BE0000016;BE0000041;BE0000240;BE0001151;BE0000943;BE0001140;BE0000048;BE0001129;BE0002112;BE0002142;BE0000403;BE0001161
DB00056,BE0000674;BE0000901;BE0002093;BE0002094;BE0002095;BE0002096;BE0002097;BE0001529;BE0000710;BE0002098;BE0002099;BE0002100
DB00057,BE0004842
DB00058,BE0000394
DB00059,BE0004798
DB00060,BE0000661;BE0000385
DB00061,BE0004828;BE0000917
DB00062,BE0001119;BE0004795;BE0000932
DB00063,BE0001155
DB00064,BE0001119;BE0004795;BE0000932
DB00065,BE0000704
DB00066,BE0000387
DB00067,BE0000293;BE0000165;BE0000773
DB00068,BE0000661;BE0000385
DB00069,BE0000661;BE0000385
DB00070,BE0004821;BE0000984
DB00071,BE0000033;BE0000858;BE0001183;BE0002122;BE0004466;BE0002123;BE0000941;BE0001123;BE0002124;BE0002125;BE0001147;BE0000942;BE0002126;BE0002127
DB00072,BE0000511;BE0000767;BE0002093;BE0002094;BE0002095;BE0002096;BE0001529;BE0000710;BE0002098;BE0002099;BE0002100;BE0000901;BE0002097
DB00073,BE0000066;BE0000901;BE0002093;BE0002094;BE0002095;BE0002096;BE0002097;BE0001529;BE0000710;BE0002098;BE0002099;BE0002100
DB00074,BE0000658;BE0000651;BE0000710;BE0002097;BE0002098;BE0002099;BE0002100;BE0000901;BE0001529;BE0002093;BE0002094;BE0002095;BE0002096
DB00075,BE0003456;BE0000274;BE0003457;BE0003458;BE0000901;BE0002093;BE0002094;BE0002095;BE0002096;BE0002097;BE0001529;BE0000710;BE0002098;BE0002099;BE0002100
DB00076,BE0004837
DB00078,BE0000066;BE0000901;BE0002093;BE0002094;BE0002095;BE0002096;BE0002097;BE0001529;BE0000710;BE0002098;BE0002099;BE0002100
DB00080,BE0004833;BE0004832
DB00081,BE0000066;BE0000901;BE0002093;BE0002094;BE0002095;BE0002096;BE0002097;BE0000710;BE0002098;BE0002099;BE0002100
DB00082,BE0000075
DB00083,BE0000390;BE0003572
DB00085,BE0004834;BE0004835;BE0004836
DB00086,BE0000211;BE0000928
DB00087,BE0000083;BE0000901;BE0002093;BE0002094;BE0002095;BE0002096;BE0002097;BE0000710;BE0002098;BE0002099;BE0002100
DB00088,BE0004806
DB00089,BE0000568
DB00090,BE0004822
DB00091,BE0000379;BE0002143;BE0001014;BE0001399
DB00092,BE0000719;BE0002093;BE0002094;BE0002095;BE0002096;BE0002097;BE0000710;BE0002098;BE0002099;BE0002100;BE0000901
DB00093,BE0000165
DB00094,BE0000387
DB00095,BE0000516;BE0000901;BE0002093;BE0002094;BE0002095;BE0002096;BE0002097;BE0000710;BE0002098;BE0002099;BE0002100
DB00096,
DB00097,BE0000134;BE0000387
DB00098,BE0000598;BE0003573;BE0000516;BE0000846;BE0002099;BE0003488;BE0003575;BE0003576;BE0001155
DB00099,BE0000793;BE0000394
DB00100,BE0000216;BE0001021;BE0000333;BE0000016;BE0000048;BE0002110;BE0000403
DB00102,BE0000205;BE0000852;BE0000910
DB00103,BE0004830
DB00104,BE0000452;BE0002147;BE0003528
DB00105,BE0000385;BE0000661
DB00106,BE0000203
DB00107,BE0000844;BE0000751
DB00108,BE0000590;BE0000901;BE0002093;BE0002094;BE0002095;BE0002096;BE0002097;BE0000710;BE0002098;BE0002099;BE0002100;BE0001085
DB00109,BE0000398
DB00110,BE0000686;BE0000901;BE0002093;BE0002094;BE0002095;BE0002096;BE0002097;BE0000710;BE0002098;BE0002099;BE0002100
DB00111,BE0000658;BE0000651;BE0000901;BE0002093;BE0002094;BE0002095;BE0002096;BE0002097;BE0000710;BE0002098;BE0002099;BE0002100
DB00112,BE0000163;BE0000901;BE0002093;BE0002094;BE0002095;BE0002096;BE0002097;BE0000710;BE0002098;BE0002099;BE0002100
DB00113,BE0000107
DB00115,BE0000734;BE0000777;BE0000763;BE0000320;BE0002175;BE0002176
DB00116,BE0000617;BE0000268;BE0000010;BE0000933;BE0000734;BE0000822;BE0001240;BE0000331;BE0000292;BE0002176;BE0002154;BE0002177
DB00117,BE0000002;BE0000740;BE0000285;BE0000086
DB00118,BE0000372;BE0000101;BE0000304;BE0000323;BE0000407;BE0002089
DB00119,BE0000449;BE0000178;BE0000102;BE0000386;BE0000046;BE0000174;BE0000440;BE0000098;BE0000088;BE0000253;BE0000195;BE0000361;BE0000669;BE0000698
DB00120,BE0000692;BE0000789;BE0000038;BE0000753;BE0000028;BE0000561;BE0000614
DB00121,BE0000544;BE0000159;BE0000094;BE0000072;BE0000702;BE0000445;BE0000698;BE0000492;BE0000626
DB00122,BE0000494;BE0000426;BE0000615;BE0002179;BE0002180;BE0002181;BE0002186
DB00123,BE0000212;BE0000052;BE0000136;BE0000562;BE0000198
DB00125,BE0000263;BE0000136;BE0000448;BE0000520;BE0000005;BE0000212;BE0000758;BE0000052;BE0000671
DB00126,BE0004338;BE0001361;BE0004796;BE0001225;BE0002192;BE0002117;BE0002195;BE0002197;BE0000138;BE0002200;BE0000060;BE0002202;BE0002203;BE0002205;BE0002206;BE0002208;BE0002210;BE0002211;BE0002213;BE0002215;BE0002217;BE0000168;BE0000087;BE0002219;BE0002221;BE0002223
DB00127,BE0000964;BE0000566;BE0004796;BE0000404
DB00128,BE0003317;BE0003751;BE0000277;BE0000529;BE0000187;BE0000219;BE0000671;BE0000481;BE0000383;BE0000725;BE0000235;BE0000528;BE0002225;BE0002227;BE0002228;BE0001054;BE0002152;BE0000788;BE0002229;BE0002230;BE0002231;BE0002232
DB00129,BE0000424;BE0000306;BE0000286;BE0000371;BE0000562;BE0000258;BE0000052;BE0000212;BE0000758;BE0000201;BE0000136;BE0002233;BE0000347;BE0002234
DB00130,BE0000874;BE0000374;BE0002240
DB00131,BE0000958;BE0004796;BE0001277;BE0000487;BE0000007;BE0000254;BE0001473;BE0001287;BE0000746;BE0000350;BE0000677;BE0000774;BE0000269;BE0000639;BE0002431;BE0003540
DB00132,BE0000888;BE0002246;BE0000986;BE0001023;BE0002247
DB00133,BE0000323;BE0000164;BE0000388;BE0000660;BE0000441;BE0000063;BE0000316
DB00134,BE0000763;BE0000734;BE0001534;BE0000845;BE0002249
DB00135,BE0000614;BE0000363;BE0000230;BE0000692
DB00136,BE0000779
DB00137,
DB00138,BE0000030;BE0000035;BE0002251;BE0001130
DB00139,BE0002257;BE0002258;BE0002259;BE0002221;BE0002260;BE0002261;BE0000176;BE0000989;BE0000611;BE0000447;BE0000022;BE0000355;BE0002252;BE0002253;BE0002195;BE0002197;BE0000060;BE0002254;BE0000152;BE0002255;BE0002256;BE0000087;BE0000528;BE0002202;BE0002206;BE0002208
DB00140,BE0000370;BE0003327;BE0000595
DB00141,BE0002262;BE0002263;BE0002264;BE0002265;BE0002266;BE0000391;BE0000109;BE0000259
DB00143,BE0002279;BE0001167;BE0002280;BE0002281;BE0002189;BE0002282;BE0002283;BE0000889;BE0001189;BE0002284;BE0001135;BE0002285;BE0002286;BE0001825;BE0002287;BE0002288;BE0002289;BE0002290;BE0002291;BE0002292;BE0000962;BE0001117;BE0000648;BE0000185;BE0000807;BE0000808;BE0000809;BE0000810;BE0000811;BE0000812;BE0000813;BE0000814;BE0000815;BE0000816;BE0000817;BE0000818;BE0000819;BE0000820;BE0000821
DB00144,BE0002296;BE0002297;BE0002299;BE0002300;BE0002301;BE0001001;BE0001132;BE0001099;BE0000673;BE0000189
DB00145,BE0000518;BE0000409;BE0000898;BE0002302;BE0000998;BE0000760;BE0002303;BE0002304;BE0000185;BE0000454;BE0002154;BE0002305;BE0000536;BE0000292;BE0002306;BE0002307;BE0000102;BE0002308;BE0002309;BE0002310;BE0000534;BE0000618;BE0000940;BE0000433;BE0000316;BE0000055;BE0000331;BE0000414;BE0000745;BE0000372;BE0000347
DB00146,BE0000779
DB00147,BE0000042
DB00148,BE0000714;BE0000171;BE0000082;BE0000410;BE0000375;BE0000567
DB00149,BE0000204;BE0000721;BE0000517;BE0000613;BE0000450;BE0000769
DB00150,BE0002311;BE0001343;BE0000228
DB00151,BE0000606;BE0000166;BE0000153;BE0000529;BE0000791;BE0000323;BE0000701;BE0001145;BE0000185;BE0000963;BE0002312;BE0000079;BE0000151;BE0000569
DB00152,BE0000157;BE0003530
DB00153,BE0000779
DB00154,BE0000017;BE0000262
DB00155,BE0000671;BE0000608;BE0000788;BE0000766;BE0000306;BE0000067;BE0000005;BE0000263;BE0002313;BE0002314;BE0002315;BE0002316;BE0001092
DB00156,BE0000482;BE0000234;BE0002317
DB00158,BE0000271;BE0000652
DB00159,BE0000262;BE0000017;BE0000215;BE0001007;BE0000888;BE0000996;BE0001093;BE0000688;BE0000986;BE0001023
DB00160,BE0000316;BE0000253;BE0000392;BE0002318;BE0002164;BE0002166;BE0000667;BE0000151;BE0000536;BE0000789;BE0000102;BE0000294;BE0000480
DB00161,BE0000544;BE0000517;BE0000223
DB00162,BE0000726;BE0002319;BE0000583;BE0002320;BE0002321;BE0000032;BE0002322;BE0002323;BE0000900;BE0000301;BE0000570;BE0000593;BE0000255;BE0000513;BE0000554;BE0000786
DB00163,BE0000956;BE0000872;BE0000248;BE0001132;BE0002324;BE0002325;BE0002326;BE0000076;BE0000339;BE0000256
DB00165,BE0000042
DB00166,BE0000040;BE0002327;BE0000094
DB00167,BE0002328;BE0000573;BE0000517;BE0000721;BE0000491
DB00168,BE0001023;BE0000395
DB00169,BE0000779
DB00170,BE0000403;BE0000713;BE0002329;BE0000048;BE0000333;BE0000364;BE0000216;BE0000380;BE0000943;BE0000547;BE0000220;BE0001184;BE0000724
DB00171,BE0000435;BE0001032;BE0001168;BE0001069;BE0000119;BE0000350;BE0000359;BE0000202;BE0000677;BE0000434;BE0000459;BE0000639;BE0000261;BE0000750;BE0000469;BE0000428;BE0000341;BE0000310;BE0000746;BE0000665;BE0000264;BE0000703;BE0000219;BE0000437;BE0000599;BE0000207;BE0000671;BE0000139;BE0000018;BE0000675;BE0000772;BE0000014;BE0000269
DB00172,BE0002253;BE0002330;BE0002331;BE0002149;BE0000060;BE0002332;BE0001399;BE0002333;BE0001014;BE0002334;BE0002202;BE0002335;BE0002336;BE0002206;BE0002208;BE0004615;BE0002337;BE0000225;BE0000188;BE0000423;BE0000723;BE0000728
DB00173,BE0000115;BE0002007;BE0000702;BE0003786;BE0002791;BE0002755;BE0002706;BE0004323;BE0002792;BE0004796;BE0001128;BE0001229
DB00174,BE0000236;BE0002230;BE0002338;BE0000285;BE0000219;BE0000607
DB00175,BE0000574
DB00176,BE0000749
DB00177,BE0000062
DB00178,BE0000221
DB00179,BE0000248
DB00180,BE0000794
DB00181,BE0000217;BE0002340
DB00182,BE0000118;BE0000647;BE0000867;BE0001044;BE0000486;BE0004888;BE0004872;BE0000756;BE0002196;BE0000749
DB00183,BE0001158
DB00184,BE0000849;BE0002341;BE0000850;BE0000738;BE0003585;BE0003586;BE0003587;BE0002343;BE0000411;BE0003588;BE0003584;BE0002090;BE0000519
DB00185,BE0000045;BE0000092
DB00186,BE0004797;BE0000736
DB00187,BE0000172
DB00188,BE0000470;BE0002347;BE0002348;BE0002349;BE0000463;BE0003910;BE0003911;BE0003912;BE0003913;BE0003914;BE0003915;BE0003916;BE0003917;BE0003918;BE0003919;BE0003920
DB00189,BE0004797
DB00190,BE0002151
DB00191,BE0000486;BE0000749;BE0000647;BE0002198;BE0002196
DB00192,BE0000197
DB00193,BE0000770;BE0000486;BE0000749;BE0000533;BE0000632;BE0000420;BE0000641;BE0003438;BE0000045
DB00194,BE0002350;BE0004796;BE0004499;BE0000458
DB00195,BE0000172;BE0000694
DB00196,BE0000233
DB00198,BE0000584;BE0002705;BE0000914;BE0003200
DB00199,BE0004800;BE0002464;BE0002465;BE0001032;BE0002638;BE0003521;BE0000090;BE0000875;BE0000530;BE0003657
DB00200,BE0000734;BE0000777;BE0000763;BE0000320;BE0000238;BE0000340;BE0000936;BE0000456;BE0002175
DB00201,BE0000013;BE0000924;BE0000487;BE0000739;BE0004922;BE0002385;BE0002406;BE0002379;BE0002407;BE0004914;BE0004874
DB00202,BE0000411;BE0003438;BE0000092;BE0000560;BE0000045
DB00203,BE0000182;BE0003556;BE0003557
DB00204,BE0000090;BE0000210;BE0001131
DB00205,BE0000330;BE0000563
DB00206,BE0000118;BE0004674
DB00207,BE0004800;BE0002465;BE0002464;BE0001092;BE0002638
DB00208,BE0000110
DB00209,BE0000092
DB00210,BE0000144;BE0000206;BE0000707;BE0000078;BE0000663;BE0000412
DB00211,BE0000501;BE0000575;BE0000715
DB00212,BE0000270
DB00213,BE0000349
DB00214,BE0000502
DB00215,BE0000749;BE0000442;BE0000501;BE0000092
DB00216,BE0000659;BE0000797;BE0000460;BE0000291;BE0000476;BE0000393;BE0000650
DB00217,BE0004864;BE0000644;BE0004872
DB00218,BE0000429;BE0000366;BE0000742
DB00219,BE0000092
DB00220,BE0000664
DB00221,BE0000172;BE0000694
DB00222,BE0000708;BE0000644;BE0000207
DB00223,BE0000794
DB00224,BE0004854
DB00225,
DB00226,BE0000486
DB00227,BE0000574;BE0000516;BE0002366
DB00228,BE0004797;BE0004857;BE0000415;BE0000781;BE0000218;BE0000640;BE0000484
DB00229,BE0000576
DB00230,BE0000356
DB00231,BE0000795;BE0000381;BE0000523;BE0000478;BE0000471;BE0000764;BE0002344;BE0002346;BE0002345;BE0003593;BE0003592;BE0003594;BE0003599;BE0003595;BE0003596;BE0000129;BE0003598;BE0003619;BE0003597;BE0000736;BE0004797
DB00232,BE0000502;BE0000267;BE0000322;BE0000535
DB00233,BE0000262;BE0004655;BE0000248;BE0003768;BE0000054
DB00234,BE0000486
DB00235,BE0000436
DB00236,BE0004796
DB00237,BE0004797;BE0000849;BE0002341;BE0000829;BE0000826
DB00238,BE0004853
DB00239,BE0000233;BE0004668
DB00240,BE0000794
DB00241,BE0000795;BE0000381;BE0000523;BE0000478;BE0000471;BE0000764;BE0000849;BE0002341;BE0000829;BE0000826;BE0004797
DB00242,BE0000325;BE0002450;BE0003613;BE0004796;BE0000546;BE0003614;BE0003615;BE0003617;BE0003616;BE0000250
DB00243,BE0000197;BE0001143
DB00244,BE0000262;BE0000017;BE0000248;BE0000215;BE0004655;BE0001154;BE0001075;BE0004429
DB00245,BE0000092;BE0000647;BE0000442
DB00246,BE0000756;BE0000451;BE0000020;BE0000145;BE0000581;BE0000389;BE0000291;BE0000797;BE0000659;BE0000476;BE0000533;BE0000311;BE0000945;BE0000650;BE0000442;BE0000501;BE0000575;BE0000289;BE0000572;BE0000342;BE0000092;BE0000560;BE0000045;BE0000405;BE0000247
DB00247,BE0000393;BE0000533;BE0000451;BE0000291;BE0000650;BE0000797;BE0000460;BE0000476
DB00248,BE0000756;BE0000393;BE0000581;BE0000451;BE0000572;BE0000659;BE0000389;BE0000289;BE0000291;BE0000342;BE0000145;BE0000020;BE0000797;BE0000533;BE0000650;BE0000501;BE0000575;BE0000715;BE0000172;BE0000694;BE0004889;BE0004916;BE0004915
DB00249,BE0004796;BE0000458
DB00250,BE0002087;BE0002086
DB00251,BE0000233
DB00252,BE0000197;BE0000141
DB00253,BE0000794
DB00254,BE0000127;BE0000019;BE0004799;BE0001092;BE0003777
DB00255,BE0000123;BE0002088;BE0000792
DB00256,BE0000127;BE0000019
DB00257,BE0000233;BE0000415
DB00258,BE0004815
DB00259,BE0000803
DB00260,BE0000733;BE0000806
DB00261,BE0000436
DB00262,BE0004796;BE0000648;BE0004810
DB00263,BE0000803
DB00264,BE0000172;BE0000694
DB00265,
DB00266,BE0000713;BE0001184;BE0001185
DB00267,BE0000576;BE0002393
DB00268,BE0000581;BE0000756;BE0000389;BE0000291;BE0000659;BE0000393;BE0000020;BE0000145;BE0000797;BE0000451;BE0000533;BE0000289;BE0000572;BE0000342
DB00270,BE0000430;BE0000691;BE0002354;BE0000864;BE0002396;BE0002359;BE0002355
DB00271,
DB00272,BE0000112
DB00273,BE0000795;BE0000141;BE0000346;BE0000322;BE0000535;BE0004797
DB00274,BE0003577;BE0000588;BE0000488;BE0002393;BE0002063;BE0003685
DB00275,BE0000062
DB00276,BE0004796;BE0000742;BE0000090
DB00277,BE0000013;BE0000924;BE0000241;BE0000487;BE0000182;BE0001133;BE0000436;BE0002366
DB00278,BE0000048
DB00279,BE0000687;BE0000315
DB00280,BE0000197;BE0000092;BE0000560;BE0000045;BE0003603;BE0003604
DB00281,BE0000177;BE0001143;BE0000197;BE0000767
DB00282,BE0000776;BE0004801
DB00283,BE0000442
DB00284,BE0000837;BE0002639;BE0000876;BE0001176
DB00285,BE0000749;BE0000486;BE0000647
DB00286,BE0000123
DB00287,BE0000610
DB00288,BE0000794;BE0000422
DB00289,BE0000486;BE0000749;BE0000647;BE0004956
DB00290,BE0000199;BE0004796;BE0000167
DB00291,BE0004796
DB00292,BE0000795;BE0000572;BE0004797
DB00293,BE0000324;BE0000700
DB00294,BE0000557;BE0000123
DB00295,BE0000770;BE0000632;BE0000420
DB00296,BE0000177
DB00297,BE0000177;BE0000064
DB00298,BE0000501;BE0000715;BE0000575
DB00299,BE0000308;BE0000514
DB00300,BE0004853
DB00301,BE0000576
DB00302,BE0000211
DB00303,BE0000103;BE0003579;BE0000001;BE0002393;BE0000744;BE0000588;BE0000488;BE0003685
DB00304,BE0000557;BE0000123
DB00305,BE0004796
DB00306,BE0000795;BE0000381;BE0000523;BE0000478;BE0000471;BE0000764;BE0000849;BE0002341;BE0000829;BE0000826;BE0004797
DB00307,BE0000412;BE0000078;BE0000707
DB00308,BE0000430;BE0000303;BE0000090;BE0000691;BE0000679;BE0000154;BE0000680;BE0000462;BE0000699;BE0000708
DB00309,BE0000026
DB00310,BE0000502
DB00312,BE0000795;BE0000381;BE0000523;BE0000478;BE0000471;BE0000764;BE0000849;BE0002341;BE0000829;BE0000826;BE0004797;BE0004956
DB00313,BE0000881;BE0000253;BE0000573;BE0000162;BE0000152;BE0004901;BE0002366
DB00314,BE0004846
DB00315,BE0000797;BE0000659;BE0000460;BE0000291
DB00316,BE0000262;BE0000017;BE0004892
DB00317,BE0000767
DB00318,BE0000770;BE0000632;BE0000420
DB00319,BE0004643;BE0003624;BE0004644;BE0004335
DB00320,BE0000659;BE0000797;BE0000289;BE0000393
DB00321,BE0000486;BE0000749;BE0000451;BE0000291;BE0000420;BE0000632;BE0001039;BE0003605;BE0000501;BE0000715;BE0000289;BE0000442;BE0000092;BE0000560;BE0000045;BE0000405;BE0000247;BE0000897;BE0000781;BE0003603;BE0003604;BE0000112;BE0000146;BE0000156;BE0000533;BE0000575;BE0000650;BE0000659;BE0000770;BE0000797;BE0000945;BE0002398;BE0004872
DB00322,BE0000324
DB00323,BE0002089
DB00324,BE0000794
DB00325,BE0000556
DB00326,
DB00327,BE0000770;BE0000420;BE0000632
DB00328,BE0000017;BE0000262;BE0001640;BE0003560;BE0000215;BE0000962;BE0003561;BE0000071
DB00330,BE0000591;BE0000122;BE0000034
DB00331,BE0000254
DB00332,BE0000092;BE0000560;BE0000045
DB00333,BE0000770;BE0000641;BE0000411;BE0000420;BE0000311
DB00334,BE0000451;BE0000756;BE0000020;BE0000145;BE0000581;BE0000389;BE0000291;BE0000797;BE0000659;BE0000476;BE0000533;BE0000311;BE0000945;BE0000650;BE0000442;BE0000501;BE0000575;BE0000289;BE0000572;BE0000342;BE0000092;BE0000560;BE0000045;BE0000405;BE0000247;BE0000393;BE0004688;BE0004889;BE0000112;BE0000146;BE0004797;BE0004872;BE0004915;BE0004916
DB00335,BE0000172;BE0000694
DB00336,BE0000768;BE0000298;BE0000056;BE0000805
DB00337,BE0002386;BE0000695
DB00338,BE0000349
DB00339,BE0004848
DB00340,BE0000092;BE0000405;BE0000247;BE0000560;BE0000045
DB00341,BE0000442
DB00343,BE0000679
DB00344,BE0000486;BE0000749
DB00345,
DB00346,BE0000501;BE0000575;BE0000715;BE0000090
DB00347,BE0000483
DB00348,BE0000455
DB00349,BE0004797
DB00350,BE0000644;BE0000017
DB00351,BE0000557;BE0000794
DB00352,BE0004796
DB00353,BE0000020
DB00354,BE0000442;BE0000092
DB00355,BE0000790;BE0001444
DB00356,BE0000553
DB00357,BE0002090;BE0003537
DB00358,BE0004805;BE0000130;BE0000924
DB00359,BE0002360
DB00360,BE0000263;BE0000753;BE0000614;BE0000121
DB00361,BE0000143
DB00362,BE0004669
DB00363,BE0000756;BE0000451;BE0000020;BE0000581;BE0000389;BE0000291;BE0000797;BE0000659;BE0000476;BE0000533;BE0000311;BE0000945;BE0000650;BE0000442;BE0000146;BE0000501;BE0000575;BE0000289;BE0000572;BE0000342;BE0000092;BE0000560;BE0000045;BE0000405;BE0000247;BE0000666
DB00364,BE0004791;BE0001015;BE0000953;BE0000538;BE0002091;BE0002092
DB00366,BE0000442;BE0000092
DB00367,BE0000557;BE0000539;BE0000123;BE0000132
DB00368,BE0000501;BE0000575;BE0000715;BE0000289;BE0000572;BE0000342;BE0000172;BE0000694;BE0001012;BE0000753;BE0000118;BE0004674
DB00369,BE0000343
DB00370,BE0000451;BE0000311;BE0000289;BE0000533;BE0000632;BE0000442;BE0000342;BE0000650;BE0004863;BE0000756;BE0000581;BE0000486;BE0000749;BE0000647;BE0000393;BE0004889;BE0000968;BE0000501;BE0000172;BE0000694
DB00371,BE0000795;BE0000381;BE0000523;BE0000478;BE0000471;BE0000764;BE0004797
DB00373,BE0000172;BE0000694;BE0001248
DB00374,BE0000475;BE0001007;BE0000110
DB00375,BE0004809
DB00376,BE0000092;BE0000560;BE0000045;BE0000405;BE0000247
DB00377,BE0000311
DB00378,BE0000557
DB00379,BE0000197;BE0003721
DB00380,BE0000742;BE0002425
DB00381,BE0000430;BE0000691;BE0002354;BE0002359;BE0002355;BE0002226;BE0003563;BE0003564;BE0000267;BE0000973
DB00383,BE0000045;BE0000092;BE0000560
DB00384,BE0000497;BE0000190;BE0000024;BE0000495
DB00385,BE0004796;BE0000742
DB00387,BE0000092;BE0000560;BE0000405;BE0000045
DB00388,BE0000501;BE0000575;BE0000715
DB00389,BE0000507
DB00390,BE0000732
DB00391,BE0000756;BE0000581
DB00392,BE0000092;BE0000641;BE0000560
DB00393,BE0000430;BE0002359;BE0002357;BE0002355;BE0000303;BE0002354;BE0002358;BE0002356;BE0000668;BE0003721
DB00394,BE0000794
DB00395,
DB00396,BE0000557;BE0000123;BE0000668;BE0000344;BE0000632
DB00397,BE0000501;BE0000289;BE0000020;BE0000172;BE0000694
DB00398,BE0000634;BE0000036;BE0000023;BE0000369;BE0000147;BE0000205;BE0000453;BE0002131;BE0002411;BE0000029
DB00399,BE0000776;BE0003570;BE0004801
DB00400,BE0000283;BE0000646;BE0004660
DB00401,BE0000430;BE0000691;BE0002354;BE0002359;BE0002355
DB00402,BE0000795;BE0000381;BE0000523;BE0000471;BE0000736;BE0004797
DB00403,BE0000402
DB00404,BE0004797
DB00405,BE0000442
DB00406,BE0004796
DB00407,BE0000280;BE0000775
DB00408,BE0000756;BE0000020;BE0000451;BE0000533;BE0000291;BE0000797;BE0000659;BE0000476;BE0000311;BE0004688;BE0000945;BE0000650;BE0000501;BE0000575;BE0000289;BE0000572;BE0000342;BE0000172;BE0000092;BE0000560;BE0000045;BE0000405;BE0000247;BE0004889;BE0000581;BE0000389;BE0000145;BE0000442;BE0000112;BE0000146;BE0000749;BE0000486;BE0000647
DB00409,BE0000756;BE0000389;BE0000581;BE0000451;BE0000156
DB00410,BE0000804
DB00411,BE0000092;BE0000560;BE0000738
DB00412,BE0000215;BE0000996
DB00413,BE0000581;BE0000756;BE0000389;BE0000572;BE0000291;BE0000659;BE0000289;BE0000797;BE0000451;BE0000393;BE0000533;BE0000342;BE0000020;BE0000145
DB00415,BE0004644;BE0004335;BE0004643;BE0004290;BE0003624;BE0001018;BE0001134;BE0003379
DB00417,BE0000576;BE0003618;BE0000744;BE0001304;BE0001018
DB00418,BE0000795;BE0000381;BE0000523;BE0000478;BE0000471;BE0000764;BE0000849;BE0002341;BE0000829;BE0000826;BE0004956
DB00419,BE0000477
DB00420,BE0000756;BE0000451;BE0000533;BE0000020;BE0000389;BE0000405;BE0000560;BE0000045;BE0000092;BE0000575;BE0000247;BE0000501;BE0000442;BE0000715
DB00421,BE0000668;BE0000132;BE0000557;BE0000794;BE0003542;BE0004886;BE0004885;BE0004887;BE0000685;BE0004902;BE0004911
DB00422,BE0000647;BE0000486;BE0000749
DB00423,BE0000267
DB00424,BE0000092;BE0000560;BE0000045;BE0000405
DB00425,BE0000795;BE0000381;BE0000523
DB00426,BE0000308;BE0000633
DB00427,BE0000442
DB00428,BE0004796;BE0001045;BE0004258
DB00429,BE0000064
DB00430,BE0002393;BE0000488;BE0003686;BE0003687;BE0003685;BE0000588;BE0003577
DB00431,BE0002344;BE0000433;BE0000745;BE0000414;BE0000055
DB00432,BE0000324;BE0004796
DB00433,BE0000756
DB00434,BE0000442;BE0000451;BE0000533;BE0000092;BE0000560;BE0000045
DB00435,BE0003578
DB00436,BE0000419;BE0000553;BE0000267;BE0000322;BE0000535
DB00437,BE0002204
DB00438,BE0002393;BE0004643;BE0000588;BE0004290;BE0000488;BE0003687;BE0004648;BE0003579;BE0004649
DB00440,BE0000324;BE0000330
DB00441,BE0004796;BE0000325;BE0000324;BE0000637
DB00442,BE0004796
DB00443,BE0000794
DB00444,BE0000742
DB00445,BE0000531;BE0000742;BE0004796
DB00446,BE0004650;BE0001544;BE0000929
DB00448,BE0000349
DB00449,BE0000501;BE0000289;BE0000694;BE0002180;BE0000426
DB00450,BE0000756;BE0000501
DB00451,BE0000687;BE0000315
DB00452,BE0004799;BE0000279;BE0000919
DB00453,BE0000019;BE0000127;BE0004799
DB00454,BE0000632;BE0000365;BE0000417;BE0000760;BE0000454;BE0000396;BE0004890;BE0000770;BE0000647;BE0000486;BE0000749
DB00455,BE0000442
DB00456,BE0001349;BE0004290;BE0004335;BE0004643;BE0004644;BE0003624;BE0000576;BE0001358
DB00457,BE0000501;BE0000575;BE0000715;BE0000090;BE0000462;BE0000699;BE0000289;BE0000572
DB00458,BE0000486;BE0000749;BE0000451;BE0000442;BE0000501;BE0000715;BE0000092;BE0000560;BE0000045;BE0000405;BE0000247;BE0003603;BE0003604;BE0000533;BE0000575;BE0000650;BE0004889;BE0000756;BE0000090;BE0000647;BE0000291;BE0000945
DB00459,BE0000412;BE0000663;BE0000206;BE0000144;BE0000078;BE0000707;BE0000301
DB00460,
DB00461,BE0000262;BE0000017
DB00462,BE0000092;BE0000560;BE0000045
DB00464,BE0000380;BE0000943
DB00465,BE0000262;BE0000017
DB00467,BE0000366;BE0000429;BE0000742
DB00468,BE0004805;BE0000866;BE0000415
DB00469,BE0000262;BE0000017
DB00470,BE0000061;BE0000095
DB00471,BE0000705;BE0000248
DB00472,BE0000749
DB00473,BE0000197;BE0000177
DB00474,BE0000795
DB00475,BE0004797
DB00476,BE0000749;BE0000486;BE0000647
DB00477,BE0000756;BE0000020;BE0000451;BE0000291;BE0000501;BE0000575;BE0000442;BE0000090;BE0004889;BE0000581;BE0000389;BE0000145;BE0000533;BE0004881;BE0004863;BE0004864;BE0000092;BE0000045;BE0000973;BE0000418;BE0004879;BE0000945;BE0000650;BE0000146
DB00478,BE0000630
DB00479,BE0000279;BE0004799
DB00480,BE0004755;BE0003517;BE0003403;BE0000262
DB00481,BE0000123;BE0000792
DB00482,BE0000262;BE0001193
DB00483,BE0000560;BE0000426;BE0000738
DB00484,BE0000289;BE0000572;BE0000342
DB00485,BE0004645;BE0004646;BE0004335;BE0004644;BE0004643;BE0004290;BE0003624
DB00486,BE0000095;BE0000061
DB00487,BE0000429;BE0000366;BE0000742;BE0004950
DB00488,BE0004796
DB00489,BE0000090;BE0000172;BE0000694
DB00490,BE0000291;BE0000756
DB00491,BE0000837;BE0000876;BE0004698;BE0004699
DB00492,BE0000221
DB00493,BE0004335;BE0004644;BE0000790;BE0004290;BE0003624;BE0001066;BE0003645;BE0000879;BE0003646;BE0001018;BE0000530;BE0008388;BE0001134
DB00494,BE0002089
DB00495,BE0004853;BE0002449
DB00496,BE0000045;BE0000092;BE0000560;BE0000405;BE0000247
DB00497,BE0000770;BE0000632;BE0000420;BE0004899;BE0004879
DB00498,BE0000713
DB00499,BE0000132;BE0003721
DB00500,BE0000262;BE0000017
DB00501,BE0000112
DB00502,BE0000756;BE0000020;BE0000417;BE0000451;BE0000581
DB00503,BE0004854
DB00504,BE0000770
DB00507,BE0002674
DB00508,BE0000020;BE0000756;BE0000393;BE0000092;BE0000560
DB00509,BE0000687;BE0000315;BE0000507
DB00511,BE0000732
DB00512,BE0004826;BE0002817;BE0000530;BE0008390
DB00513,BE0000211;BE0001088;BE0001283
DB00514,BE0000156;BE0000290;BE0000641;BE0000738;BE0000749;BE0004896;BE0003585;BE0000849;BE0003584;BE0000850;BE0002341;BE0000770;BE0000420;BE0000632;BE0004904;BE0000486
DB00515,BE0004796
DB00516,
DB00517,BE0000092;BE0000560;BE0000045
DB00518,BE0004789;BE0001340;BE0001367;BE0001487
DB00519,BE0000221
DB00520,BE0004669
DB00521,BE0000694;BE0000172
DB00523,BE0000663;BE0000412;BE0000206;BE0000078;BE0000144;BE0000707
DB00524,BE0000419
DB00525,BE0004670
DB00526,BE0004796
DB00527,BE0000177;BE0000197;BE0000418
DB00528,BE0000679
DB00529,BE0000343;BE0000308
DB00530,BE0000767;BE0000956
DB00531,BE0004796
DB00534,BE0000502;BE0000152
DB00535,BE0003621;BE0003622;BE0001075
DB00536,BE0001754;BE0000567;BE0003317;BE0004796;BE0004524;BE0001248;BE0000133;BE0002994
DB00537,BE0000429;BE0000366;BE0000742;BE0000090;BE0008382;BE0008383;BE0008386;BE0008387;BE0008392;BE0008384;BE0008385
DB00538,
DB00539,BE0000123
DB00540,BE0000486;BE0000749;BE0000451;BE0000291;BE0000442;BE0000501;BE0000715;BE0000092;BE0000560;BE0000045;BE0000405;BE0000247;BE0000533;BE0000945;BE0000575;BE0004864;BE0004872;BE0000756;BE0004897;BE0004882
DB00541,BE0000143;BE0001391
DB00542,BE0000221
DB00543,BE0000486;BE0000749;BE0000756;BE0000020;BE0000289;BE0000501;BE0000092;BE0000795;BE0000451;BE0000533;BE0000945;BE0000650;BE0000581;BE0000389;BE0000442;BE0004863;BE0004890;BE0000393;BE0000311;BE0000291;BE0000797;BE0004864;BE0000146;BE0004797;BE0000647
DB00544,BE0000324;BE0004796;BE0004810
DB00545,BE0000426;BE0002180
DB00546,BE0000795;BE0000381;BE0000523;BE0000471;BE0003593;BE0003592;BE0003594;BE0002344;BE0002346;BE0002345;BE0003599;BE0003595;BE0003596;BE0000129;BE0003598;BE0003619
DB00547,BE0000794
DB00548,BE0000474;BE0003610;BE0000585;BE0000252;BE0000498
DB00549,BE0000705
DB00550,BE0000507
DB00551,BE0000334;BE0001198
DB00552,BE0002214
DB00553,BE0004796
DB00554,BE0000262;BE0000017
DB00555,BE0002081
DB00556,
DB00557,BE0000442
DB00558,BE0000057;BE0003527;BE0003200
DB00559,BE0000521;BE0000043
DB00560,BE0004799;BE0000127;BE0000279;BE0003709;BE0003708;BE0003710
DB00561,BE0003582;BE0003583
DB00562,BE0000419;BE0000267;BE0000322;BE0000535;BE0002437;BE0001653
DB00563,BE0000330
DB00564,BE0000197
DB00565,BE0000738
DB00566,BE0004808;BE0004814;BE0004802;BE0004813
DB00567,BE0004643;BE0004644;BE0004335;BE0003624;BE0004290
DB00568,BE0000442;BE0000430;BE0002359;BE0002357;BE0002355;BE0000483;BE0000864;BE0000012;BE0000756;BE0004889;BE0004890
DB00569,BE0000280;BE0000216
DB00570,BE0001340;BE0000143;BE0003711;BE0003713;BE0003712;BE0001040
DB00571,BE0000172;BE0000694;BE0001012;BE0000291;BE0000797
DB00572,BE0000092;BE0000560;BE0000045;BE0000405;BE0000247
DB00573,BE0000262;BE0000017
DB00575,BE0000289;BE0000572;BE0000342;BE0000501;BE0000575;BE0000715
DB00576,BE0000803
DB00577,BE0000308;BE0000458
DB00578,BE0004840
DB00579,BE0000486;BE0000647;BE0000749
DB00581,BE0000116
DB00582,BE0000233
DB00583,BE0000757;BE0000106;BE0000496;BE0000097;BE0000579;BE0000373;BE0000179;BE0000406;BE0002204;BE0002705;BE0001075
DB00584,BE0000221
DB00585,BE0000112
DB00586,BE0000262;BE0000017;BE0000248;BE0002083;BE0000353;BE0000897;BE0002398;BE0001640
DB00587,BE0000705
DB00588,BE0000794;BE0000557;BE0000657;BE0000668
DB00589,BE0000756;BE0000581;BE0000389;BE0000020;BE0000145;BE0000291;BE0000659;BE0000393;BE0000451;BE0000533;BE0000797;BE0000289;BE0000572;BE0000342
DB00590,BE0000501;BE0000575;BE0000715;BE0000090;BE0000462;BE0000699
DB00591,BE0000794
DB00592,BE0002345
DB00593,BE0000483
DB00594,BE0000190;BE0000024;BE0000497;BE0000495;BE0000351;BE0000678;BE0000353;BE0000752;BE0000895
DB00595,BE0000127;BE0000019;BE0004799
DB00596,BE0000794
DB00597,
DB00598,BE0000172;BE0000694;BE0004863
DB00599,BE0000795;BE0000381;BE0000523;BE0000478;BE0000471;BE0000764;BE0000849;BE0002341;BE0000829;BE0000826;BE0002194
DB00600,BE0000252
DB00601,BE0004800
DB00602,BE0000414;BE0002345
DB00603,BE0000557;BE0000123
DB00604,BE0000084;BE0000311;BE0000451;BE0000090
DB00605,BE0000262;BE0000017;BE0000747;BE0001062;BE0001007;BE0003561
DB00606,BE0000229;BE0000267;BE0000322;BE0000535
DB00607,BE0004335;BE0003624;BE0004644;BE0004643;BE0004290
DB00608,BE0004805;BE0002189;BE0000704;BE0001171;BE0002659
DB00609,BE0000332;BE0000466
DB00610,BE0000501
DB00611,BE0000632;BE0000420;BE0000770
DB00612,BE0000172;BE0000694
DB00613,BE0004805;BE0002436
DB00614,BE0004796
DB00615,BE0000461;BE0000257;BE0003707;BE0001120;BE0001165
DB00616,BE0000266;BE0000221
DB00617,BE0000012
DB00618,BE0000127;BE0000019
DB00619,BE0003600;BE0000453;BE0001104;BE0001039;BE0000853;BE0000852;BE0001124;BE0000014;BE0000205
DB00620,BE0000794
DB00621,BE0000132
DB00622,BE0000430;BE0002354;BE0002359;BE0000691;BE0003565;BE0003323;BE0000501;BE0000575;BE0000715;BE0000092;BE0000560;BE0000045;BE0000405;BE0000247;BE0000418
DB00623,BE0000756;BE0000020;BE0000418
DB00624,BE0000132
DB00625,BE0004853
DB00626,BE0004829;BE0001183;BE0000910
DB00627,BE0000836;BE0000635;BE0000526;BE0000783
DB00628,BE0004797;BE0000736
DB00629,BE0000289;BE0000572
DB00630,BE0000776;BE0004801;BE0000980;BE0003567;BE0003568;BE0003569
DB00631,BE0000546;BE0000325;BE0004796
DB00632,BE0000594;BE0000712
DB00633,BE0000289
DB00634,BE0000803;BE0004657;BE0004658
DB00635,BE0000794;BE0000329
DB00636,BE0000071
DB00637,BE0000442;BE0000090
DB00638,BE0002352
DB00639,BE0004803
DB00640,BE0000924;BE0000241;BE0000354;BE0000013
DB00641,BE0000574;BE0001041
DB00642,BE0000324;BE0001240;BE0000330;BE0000882
DB00643,BE0001340;BE0001367
DB00644,BE0000203;BE0000472
DB00645,BE0000177
DB00646,BE0004803
DB00647,BE0000770;BE0000420;BE0000632
DB00648,BE0000731;BE0000242
DB00649,BE0004853
DB00650,BE0000324
DB00651,BE0000487;BE0001133;BE0002353;BE0001287;BE0000013;BE0000924;BE0000706;BE0000627
DB00652,BE0000770;BE0000632;BE0000156
DB00653,BE0000679;BE0000691;BE0000430;BE0000303;BE0002354;BE0002355
DB00654,BE0000610
DB00655,BE0000123
DB00656,BE0000451;BE0000533;BE0000749;BE0000291;BE0000442;BE0000501;BE0000289
DB00657,BE0000738
DB00658,BE0004815
DB00659,BE0004797;BE0004852;BE0001192
DB00660,
DB00661,BE0000430;BE0002359;BE0002357;BE0002355;BE0000303;BE0002354;BE0002358;BE0002356;BE0000012;BE0000483;BE0002226;BE0000356;BE0000090;BE0000197;BE0000708;BE0000749
DB00662,
DB00663,BE0000794
DB00664,BE0002360
DB00665,BE0000132
DB00666,BE0000203;BE0000472
DB00667,BE0000442;BE0000112;BE0000968;BE0000146
DB00668,BE0000501;BE0000575;BE0000172;BE0000694;BE0000289;BE0000572;BE0000715;BE0000753;BE0000342;BE0001012;BE0000704
DB00669,BE0000659;BE0000797;BE0000460;BE0000291
DB00670,BE0000092
DB00671,BE0000103
DB00672,BE0000207
DB00673,BE0000384
DB00674,BE0000426;BE0004661;BE0004662;BE0004663;BE0004664;BE0004665;BE0000738;BE0003585;BE0000849;BE0003586;BE0003587;BE0002341;BE0002343;BE0000411;BE0000850;BE0003588;BE0003584;BE0002180
DB00675,BE0000123;BE0000792;BE0004877;BE0004895
DB00676,
DB00677,BE0000426;BE0002180
DB00678,BE0000062
DB00679,BE0000756;BE0000020;BE0000501;BE0000575;BE0000451;BE0000090
DB00680,BE0000197
DB00681,BE0004803
DB00682,BE0000713
DB00683,BE0000795;BE0000381;BE0000523;BE0000478;BE0000471;BE0002344;BE0002345;BE0002346;BE0000764;BE0003593;BE0003592;BE0003594;BE0003599;BE0003595;BE0003596;BE0000129;BE0003598;BE0003619;BE0003597
DB00684,BE0000279;BE0004799
DB00685,BE0000366;BE0000429;BE0000742
DB00686,BE0001015;BE0000689;BE0000326
DB00687,BE0000668;BE0000794;BE0000132
DB00688,BE0000761;BE0000722
DB00689,BE0004656
DB00690,BE0000795;BE0000381;BE0000523;BE0000478;BE0000471;BE0000764;BE0002344;BE0002346;BE0002345;BE0003593;BE0003592;BE0003594;BE0003599;BE0003595;BE0003596;BE0000129;BE0003598;BE0003619;BE0003597
DB00691,BE0000221;BE0000982
DB00692,BE0000289;BE0000501
DB00693,BE0003837;BE0004796
DB00694,BE0004796;BE0000742;BE0002425
DB00695,BE0000502;BE0000322
DB00696,BE0000659;BE0000797;BE0000451;BE0000756;BE0000501;BE0000575;BE0000715;BE0000289;BE0000572;BE0000486;BE0004889;BE0000291;BE0000460;BE0000533
DB00697,BE0000289;BE0000572;BE0000342;BE0003580
DB00698,BE0002361;BE0000621;BE0000158
DB00699,BE0000501
DB00700,BE0000668
DB00701,BE0004854
DB00702,
DB00703,BE0000267;BE0000322;BE0000535;BE0003629
DB00704,BE0000420;BE0000770;BE0000632;BE0000290
DB00705,BE0004853
DB00706,BE0000501;BE0000715;BE0000575
DB00707,BE0000499;BE0000710
DB00708,BE0000770;BE0000420;BE0000632
DB00709,BE0004853;BE0004796;BE0000555
DB00710,BE0000776;BE0004801
DB00711,BE0000248;BE0000017
DB00712,BE0000017;BE0000262
DB00713,BE0004643;BE0004644;BE0004290;BE0003624;BE0004335;BE0000576;BE0001018;BE0008389;BE0001134
DB00714,BE0000581;BE0000389;BE0000756;BE0000342;BE0000572;BE0000533;BE0000145;BE0000291;BE0000451;BE0000393;BE0000289;BE0000020;BE0000659;BE0000797;BE0000666
DB00715,BE0000749;BE0000486;BE0000451;BE0000092;BE0000560;BE0000045;BE0000405;BE0000247
DB00716,BE0000705;BE0000099;BE0000995;BE0000296;BE0001120
DB00717,BE0000557
DB00718,BE0000312
DB00719,BE0000442
DB00720,BE0000599;BE0000709;BE0000624;BE0004801
DB00721,BE0000177;BE0000641;BE0000311;BE0000647;BE0000738;BE0004796;BE0004906;BE0004891;BE0004917;BE0004909
DB00722,BE0000221;BE0000982
DB00723,BE0000501;BE0000575;BE0000715
DB00724,BE0000155;BE0003518
DB00725,BE0000560;BE0000092;BE0000405;BE0000247;BE0000045
DB00726,BE0000749;BE0000486;BE0000647;BE0000451;BE0000291;BE0000501;BE0000575;BE0000756;BE0000572;BE0000442;BE0000533;BE0000311;BE0000659;BE0000289;BE0004889;BE0004872;BE0004890;BE0004882
DB00727,BE0000556
DB00728,BE0000738;BE0000560;BE0000311
DB00729,BE0000045
DB00730,BE0000548
DB00731,BE0000207;BE0000215
DB00732,BE0000738
DB00733,BE0000426;BE0002180
DB00734,BE0000451;BE0000756;BE0000581;BE0000389;BE0000501;BE0000575;BE0000659;BE0000442;BE0000289;BE0000572;BE0000342;BE0000533;BE0000291;BE0000020
DB00735,BE0000577
DB00736,BE0000349
DB00737,BE0000442
DB00738,BE0004796;BE0002517
DB00739,BE0004644;BE0004335;BE0004643;BE0004290;BE0003624
DB00740,BE0000197;BE0000030
DB00741,BE0000794;BE0000422
DB00742,
DB00743,
DB00744,BE0000248
DB00745,BE0000647;BE0000575
DB00746,BE0004807;BE0004818
DB00747,BE0000092;BE0001176;BE0000560;BE0000045;BE0000405;BE0000247
DB00748,BE0000442
DB00749,BE0000262;BE0000017;BE0000412
DB00750,BE0000197
DB00751,BE0000442;BE0000112;BE0000501;BE0000289;BE0000451;BE0000650
DB00752,BE0002198;BE0002196
DB00753,BE0000795;BE0000218;BE0000433;BE0000640;BE0000781;BE0000484;BE0000418;BE0004797
DB00754,BE0000197
DB00755,BE0000078;BE0000707;BE0000144;BE0000554;BE0000697;BE0000074;BE0000513;BE0000653
DB00756,BE0000114;BE0002252;BE0000180
DB00757,BE0000311
DB00758,BE0000110
DB00759,BE0004653;BE0003708;BE0004651;BE0004652;BE0003710;BE0004799;BE0001105;BE0008391;BE0001092
DB00760,BE0000744
DB00761,BE0000281;BE0000502;BE0000047;BE0000140;BE0000276;BE0000601
DB00762,BE0000971;BE0000091
DB00763,BE0000507
DB00764,BE0000794
DB00765,BE0000614
DB00766,BE0000302
DB00768,BE0000442;BE0001090;BE0001206;BE0001177;BE0000885;BE0003602
DB00769,BE0000794
DB00770,BE0000368;BE0000064
DB00771,BE0000092
DB00772,BE0002180
DB00773,BE0000742;BE0002425
DB00774,BE0000502;BE0000267;BE0000322;BE0000535;BE0002437;BE0001653;BE0000732;BE0000553
DB00775,BE0000439;BE0001155
DB00776,BE0000197
DB00777,BE0000442;BE0000451;BE0000533;BE0000756;BE0000020;BE0000389;BE0000501;BE0000575;BE0000715;BE0000045;BE0000247;BE0000560;BE0000405;BE0000092
DB00778,BE0000743;BE0001032
DB00779,BE0004796
DB00780,BE0002198;BE0002196;BE0001002;BE0000253;BE0000667;BE0002166;BE0002173
DB00781,BE0004833
DB00782,BE0000092
DB00783,BE0000123;BE0000792;BE0000956
DB00784,BE0000262;BE0000017
DB00785,BE0000560;BE0000092;BE0000045;BE0000405;BE0000247
DB00786,BE0000920;BE0000642;BE0001116;BE0003690;BE0001182;BE0000058;BE0003689;BE0003691;BE0001198;BE0000966;BE0003692;BE0003693;BE0001637;BE0003694;BE0003695;BE0003696;BE0003697;BE0003698;BE0003699;BE0003700;BE0003701;BE0003702;BE0003703
DB00787,BE0001403;BE0000308;BE0000633
DB00788,BE0000262;BE0000017
DB00789,BE0003559
DB00790,BE0000221
DB00791,BE0004796
DB00792,BE0000442
DB00793,
DB00794,BE0000795;BE0000381;BE0000523;BE0000478;BE0000471;BE0000764;BE0000849;BE0002341;BE0000829;BE0000826;BE0004797
DB00795,BE0000248;BE0000262;BE0000017;BE0000215;BE0004655;BE0001154;BE0000030;BE0000069;BE0001893;BE0003997
DB00796,BE0000062
DB00797,BE0000501;BE0000289;BE0000442;BE0000112;BE0000342;BE0000572
DB00798,BE0000279;BE0004799;BE0000942;BE0001601;BE0000330
DB00799,BE0000663;BE0000078;BE0000144;BE0000206
DB00800,BE0000145;BE0000020;BE0000572;BE0000342;BE0000289;BE0000575;BE0000715;BE0000501
DB00801,BE0000795;BE0000381;BE0000523;BE0000471;BE0003593;BE0003592;BE0003594;BE0002344;BE0002346;BE0002345;BE0003599;BE0003595;BE0003596;BE0000129;BE0003598;BE0003619;BE0004797
DB00802,BE0000770
DB00803,BE0004833
DB00804,BE0000092;BE0000560
DB00805,BE0002198;BE0000393;BE0000451;BE0000533;BE0000426;BE0000749;BE0000020;BE0000756;BE0000092
DB00806,BE0000487;BE0000013;BE0000182;BE0001133;BE0000924;BE0001096
DB00807,BE0000177
DB00808,BE0000672;BE0000489
DB00809,BE0000405;BE0000092;BE0000560;BE0000045
DB00810,BE0000092;BE0000738
DB00811,BE0000761;BE0003540;BE0000722;BE0000681;BE0000282;BE0004796;BE0000261;BE0000457;BE0001261
DB00812,BE0000262;BE0000117;BE0000017
DB00813,BE0000770;BE0000420;BE0000632
DB00814,BE0000262;BE0000017
DB00815,
DB00816,BE0000694
DB00817,BE0000799;BE0000798
DB00818,BE0002346;BE0002345;BE0002083;BE0002081;BE0004797
DB00819,BE0000267;BE0003634;BE0000322;BE0003625;BE0000535;BE0003629;BE0000880
DB00820,BE0000182;BE0003558
DB00821,BE0000262;BE0000017
DB00822,BE0000133;BE0000138
DB00823,BE0000557;BE0000123
DB00824,BE0001133;BE0000487;BE0000241;BE0000013;BE0000924;BE0000354
DB00825,BE0001186;BE0001122;BE0003416;BE0000632
DB00826,BE0004803
DB00827,BE0000366;BE0004796
DB00828,BE0000468
DB00829,BE0000795;BE0000381;BE0000523;BE0000471;BE0002344;BE0002346;BE0002345;BE0003593;BE0003592;BE0003594;BE0003599;BE0003595;BE0003596;BE0000129;BE0003598;BE0003619;BE0003597;BE0000736;BE0004797
DB00830,BE0000486;BE0000647
DB00831,BE0000756;BE0000666;BE0000501;BE0000418;BE0001024;BE0004350
DB00832,
DB00833,BE0004643;BE0000576
DB00834,BE0000557;BE0000794
DB00835,BE0000442;BE0000092;BE0000560;BE0000045;BE0000405;BE0000247
DB00836,BE0000770;BE0000420;BE0000632;BE0000356;BE0000947;BE0000418
DB00837,BE0000217;BE0000795
DB00838,BE0000794
DB00839,BE0000644
DB00840,
DB00841,BE0000172;BE0000694
DB00842,BE0000795;BE0000381;BE0000523;BE0000478;BE0000471;BE0000764;BE0002344;BE0002346;BE0002345;BE0003593;BE0003592;BE0003594;BE0003599;BE0003595;BE0003596;BE0000129;BE0003598;BE0003619;BE0003597;BE0004797
DB00843,BE0000426;BE0000451
DB00844,BE0000632;BE0000770;BE0000420
DB00845,BE0004796;BE0000620;BE0001032;BE0000703
DB00846,BE0000794
DB00847,BE0004827;BE0001070;BE0002419
DB00848,BE0003585;BE0000896;BE0004925;BE0004926;BE0004927;BE0004928
DB00849,BE0000795;BE0000381;BE0000523;BE0000478;BE0000471;BE0000764;BE0000849;BE0002341;BE0000829;BE0000826
DB00850,BE0000756;BE0000020;BE0000418
DB00851,BE0004796;BE0000716;BE0003559
DB00852,BE0000486;BE0000647;BE0000501;BE0000289;BE0000749;BE0000694;BE0000172;BE0004878;BE0000704;BE0004898;BE0004924;BE0001029
DB00853,BE0004796
DB00854,BE0000770;BE0000420;BE0000632
DB00855,BE0000050
DB00856,
DB00857,BE0000577
DB00858,BE0000132
DB00859,BE0004825
DB00860,BE0000794
DB00861,BE0000262;BE0000017
DB00862,BE0000182;BE0003556;BE0003557
DB00863,BE0000112
DB00864,BE0000695
DB00865,BE0000118;BE0000289;BE0000501;BE0000647
DB00866,BE0000172;BE0000694;BE0000291
DB00867,BE0000694
DB00868,BE0000197
DB00869,BE0000322;BE0000535;BE0000267
DB00870,BE0000017;BE0000262
DB00871,BE0000694
DB00872,BE0000165;BE0000293
DB00873,BE0000794
DB00874,
DB00875,BE0000756;BE0000451;BE0000020;BE0000501;BE0000092
DB00876,BE0000062
DB00877,BE0002386;BE0000695;BE0001015
DB00878,BE0004833
DB00879,BE0004853
DB00880,BE0000419;BE0000267;BE0000322;BE0000535
DB00881,BE0000221
DB00882,BE0000123
DB00883,BE0000556
DB00884,BE0000776;BE0004801
DB00885,
DB00887,BE0000502;BE0000281;BE0000601;BE0000047;BE0001195
DB00888,BE0004796
DB00889,BE0000311
DB00890,BE0000123
DB00891,BE0000120
DB00892,BE0000177
DB00893,BE0000629;BE0000130;BE0000399;BE0000085
DB00894,BE0002090
DB00895,BE0000049;BE0000015
DB00896,BE0000794
DB00897,BE0000795;BE0000381;BE0000523;BE0000478;BE0000471;BE0000764;BE0002344;BE0002346;BE0002345;BE0003593;BE0003592;BE0003594;BE0003599;BE0003595;BE0003596;BE0000129;BE0003598;BE0003619;BE0003597;BE0000736;BE0004797
DB00898,BE0000795;BE0000641;BE0000433;BE0000745;BE0000303;BE0000311;BE0000381;BE0000411;BE0000430;BE0000471;BE0000478;BE0000523;BE0000640;BE0000679;BE0000738;BE0000764;BE0000829;BE0000830;BE0000831;BE0000849;BE0000850;BE0001028;BE0001030;BE0001114;BE0001204;BE0002218;BE0002341;BE0002343;BE0002344;BE0002345;BE0002346;BE0002355;BE0002359;BE0003584;BE0003585;BE0003586;BE0003587;BE0003588;BE0003593;BE0003594;BE0003595;BE0003596;BE0003597;BE0003599;BE0004706;BE0005842;BE0005839;BE0005841;BE0005840;BE0005108;BE0005190
DB00899,BE0000770;BE0000420;BE0000632
DB00900,BE0004853;BE0000250
DB00902,BE0000442
DB00903,BE0000732;BE0000502
DB00904,BE0000311;BE0000084;BE0000770;BE0000291;BE0000797
DB00905,BE0000610;BE0000064;BE0002375;BE0000592
DB00906,BE0000249
DB00907,BE0000647;BE0000486;BE0000749;BE0000197;BE0000192;BE0000177;BE0000092;BE0000560
DB00908,BE0000197;BE0000154;BE0000680;BE0000090
DB00909,BE0000141;BE0002081;BE0002082;BE0002083;BE0000197;BE0001143;BE0000192;BE0003635;BE0003636;BE0003637;BE0003638;BE0000483;BE0000864;BE0000012;BE0000267;BE0000322;BE0003625;BE0000535;BE0003626;BE0003627;BE0003628;BE0003629;BE0003630;BE0002437;BE0003631;BE0003632;BE0001653;BE0003633;BE0003634;BE0002196;BE0002198
DB00910,BE0000779
DB00911,BE0004796
DB00912,BE0000207;BE0000215
DB00913,BE0000770
DB00914,BE0000677;BE0002441
DB00915,BE0000630;BE0000641;BE0000756
DB00916,BE0004796;BE0004435;BE0000564;BE0000875
DB00917,BE0000368;BE0000064;BE0002375;BE0003522
DB00918,BE0000797;BE0000659
DB00919,BE0000279
DB00920,BE0000442;BE0001133;BE0000487;BE0001287;BE0002353;BE0000706;BE0000627;BE0003717;BE0003718;BE0003559
DB00921,BE0000770;BE0000632;BE0000420
DB00922,BE0001024;BE0000708;BE0002441;BE0000436
DB00923,BE0003688
DB00924,BE0000451
DB00925,BE0000501;BE0000289;BE0000342;BE0000572;BE0000418;BE0000694;BE0000575;BE0000715
DB00927,BE0000112
DB00928,BE0000892;BE0004810;BE0004796
DB00929,BE0002375;BE0000368;BE0003522
DB00930,BE0004809
DB00931,BE0004799
DB00932,BE0004854
DB00933,BE0000451;BE0000756
DB00934,BE0000486;BE0000442;BE0000092;BE0000560;BE0000045;BE0000405;BE0000247;BE0004863;BE0000451;BE0000533;BE0000650;BE0000756;BE0004864
DB00935,BE0000501;BE0000289;BE0000342;BE0000572;BE0000575;BE0000715
DB00936,BE0000017;BE0000262;BE0000126
DB00937,BE0000486;BE0000647
DB00938,BE0000694
DB00939,BE0000017;BE0000262;BE0000248;BE0000897;BE0002398
DB00940,BE0000092;BE0000112
DB00941,BE0002180
DB00942,BE0000092
DB00943,BE0004853
DB00944,BE0000426;BE0002180
DB00945,BE0000017;BE0000262;BE0000126;BE0004907;BE0000521;BE0001154;BE0003380;BE0001098;BE0004876;BE0003469;BE0004903
DB00946,BE0000713
DB00947,BE0000123
DB00948,BE0000576;BE0004643;BE0003579
DB00949,BE0000417;BE0000641;BE0000760
DB00950,BE0000442
DB00951,BE0000466;BE0000332;BE0002887;BE0002433;BE0002638;BE0003536;BE0001944
DB00952,BE0000659;BE0000797;BE0000460;BE0000291
DB00953,BE0000659;BE0000797;BE0000460
DB00954,BE0004800
DB00955,BE0000279;BE0004799
DB00956,BE0000770;BE0000420
DB00957,BE0000557;BE0000123
DB00958,BE0004796
DB00959,BE0000794
DB00960,BE0000172;BE0000694;BE0000291;BE0000797
DB00961,BE0000177
DB00962,BE0000795;BE0000736
DB00963,BE0000262;BE0000017
DB00964,BE0000289;BE0000501;BE0000572
DB00965,
DB00966,BE0000062;BE0000215
DB00967,BE0000442
DB00968,BE0000289;BE0002151
DB00969,BE0000311
DB00970,BE0004796;BE0004951
DB00971,
DB00972,BE0000442
DB00973,BE0000105;BE0000802;BE0001078
DB00974,BE0004808;BE0004807;BE0004812
DB00975,BE0000631;BE0002214;BE0000182;BE0001133
DB00976,BE0004800
DB00977,BE0000123;BE0000956
DB00978,BE0000429;BE0000366;BE0000742
DB00979,BE0000092
DB00980,BE0000515;BE0000327
DB00981,BE0000426
DB00982,BE0000663
DB00983,BE0000694
DB00984,BE0000132
DB00985,BE0000442
DB00986,BE0000092;BE0000045;BE0000560
DB00987,BE0004796;BE0000113
DB00988,BE0000756;BE0000020;BE0000145;BE0000581;BE0000389;BE0000647;BE0000138;BE0000291;BE0000650;BE0004889;BE0000486;BE0000749
DB00989,BE0000426;BE0002180
DB00990,BE0002090
DB00991,BE0000017;BE0000262
DB00992,BE0000710
DB00993,BE0000077
DB00994,BE0000279;BE0004799
DB00995,BE0000907;BE0001154
DB00996,BE0000691;BE0002396;BE0002226;BE0000013;BE0004956
DB00997,BE0004796;BE0000742
DB00998,BE0000659;BE0000797
DB00999,BE0000419;BE0000267;BE0000322;BE0000535;BE0002437;BE0001653;BE0000553
DB01000,BE0000576;BE0004290;BE0004643;BE0003577
DB01001,BE0000694;BE0000172
DB01002,BE0000177
DB01003,BE0000553;BE0001191
DB01004,BE0000308;BE0004796;BE0001403
DB01005,BE0000325
DB01006,BE0002090
DB01007,BE0000233;BE0000875
DB01008,BE0004796
DB01009,BE0000017;BE0000262;BE0003552
DB01010,BE0000426;BE0002180
DB01011,BE0000731;BE0001246
DB01012,BE0000509
DB01013,BE0000794
DB01014,BE0000215;BE0000262;BE0000017;BE0000248
DB01015,BE0000803;BE0000124
DB01016,BE0000207;BE0000644;BE0002218;BE0000469;BE0000703;BE0000119;BE0001195;BE0000708;BE0004923;BE0000406
DB01017,BE0000127;BE0000019;BE0004799;BE0001051;BE0000248;BE0000058;BE0000163;BE0000444;BE0001162;BE0001009
DB01018,BE0000289;BE0000572
DB01019,BE0000560
DB01020,BE0003578
DB01021,BE0000502;BE0000732;BE0000267;BE0000322;BE0000535
DB01022,BE0000403;BE0000724
DB01023,BE0000430;BE0000691;BE0002354;BE0002359;BE0002355;BE0000864;BE0002396;BE0000418;BE0003323;BE0003565;BE0000668;BE0003566;BE0001024
DB01024,BE0000761;BE0000722
DB01025,BE0001206;BE0000885;BE0000125;BE0000689
DB01026,BE0000233;BE0000132;BE0004884;BE0004873;BE0004883;BE0002090
DB01028,BE0000795;BE0000640;BE0000433;BE0000218;BE0000781;BE0000484;BE0000503;BE0004797
DB01029,BE0000062;BE0001040
DB01030,BE0000971;BE0000091;BE0004796
DB01031,BE0000267;BE0000322
DB01032,BE0001066;BE0000879;BE0003645;BE0003719
DB01033,BE0000077;BE0000374;BE0004941
DB01034,BE0000801;BE0000800;BE0000558;BE0000959
DB01035,BE0000197;BE0000892
DB01036,BE0000045;BE0000560;BE0000247;BE0000092;BE0000405
DB01037,BE0002196;BE0002198
DB01039,BE0000071;BE0001020
DB01040,BE0004796
DB01041,BE0004755;BE0000704;BE0001086;BE0004796;BE0000748;BE0000262;BE0004898;BE0004879
DB01042,BE0004796
DB01043,BE0000641;BE0000760;BE0000417;BE0000311;BE0003438;BE0000756;BE0000365
DB01044,BE0003724;BE0003725;BE0003726;BE0003727
DB01045,BE0000257;BE0003707;BE0000956;BE0001004;BE0003642;BE0003659;BE0000875;BE0000530;BE0001042
DB01046,BE0000765
DB01047,BE0000794;BE0004659
DB01048,BE0004853
DB01049,BE0004864;BE0004863;BE0001042;BE0004862;BE0000020;BE0000756;BE0004797
DB01050,BE0000262;BE0000017;BE0000246;BE0001151;BE0001088;BE0003591;BE0000215;BE0001195
DB01051,BE0002388;BE0004950
DB01053,BE0004654;BE0003894;BE0003645;BE0001018;BE0001134
DB01054,BE0000430;BE0000691;BE0002354;BE0000679;BE0002359;BE0002355;BE0002396;BE0000864
DB01055,BE0000331;BE0001047;BE0000252
DB01056,BE0000197
DB01057,BE0002180
DB01058,BE0004851
DB01059,BE0000429;BE0000366;BE0000742
DB01060,BE0000576
DB01061,BE0000576
DB01062,BE0000045;BE0000560;BE0000092
DB01063,BE0000756;BE0000020
DB01064,BE0000172;BE0000694;BE0001012;BE0000923;BE0000955;BE0002383;BE0002384;BE0003429
DB01065,BE0000515;BE0000327;BE0000123;BE0003554;BE0000418;BE0001075;BE0003555;BE0002109;BE0003553;BE0000220
DB01066,BE0003624;BE0000576
DB01067,BE0000207;BE0000215
DB01068,BE0004797;BE0000736
DB01069,BE0000442;BE0000756;BE0000092;BE0000560;BE0000045;BE0000405;BE0000247;BE0000501;BE0000451;BE0000418
DB01070,BE0000779
DB01071,BE0000442
DB01072,BE0004854
DB01073,BE0000325;BE0000546;BE0004796;BE0002804
DB01074,BE0000406;BE0000179
DB01075,BE0000442;BE0000560
DB01076,BE0000574;BE0000854;BE0003721
DB01077,BE0004801;BE0003567;BE0003569
DB01078,BE0000732
DB01080,BE0000217;BE0000253
DB01081,BE0000770;BE0000420
DB01082,BE0000279;BE0004799;BE0001092
DB01083,BE0000683;BE0003620;BE0000959
DB01084,BE0000442
DB01085,BE0000045;BE0000092;BE0000560
DB01086,BE0000177
DB01087,BE0004805;BE0002459;BE0000220
DB01088,BE0000475;BE0000064;BE0001133;BE0000487;BE0002353;BE0001287;BE0001088
DB01089,BE0000118
DB01090,BE0000411;BE0003585;BE0003584
DB01091,BE0000577
DB01092,BE0000732
DB01093,
DB01094,BE0000105;BE0004608;BE0000232
DB01095,BE0000574
DB01096,BE0004796
DB01097,BE0000382;BE0003721;BE0000871
DB01098,BE0000574
DB01099,BE0004796;BE0000892;BE0000021
DB01100,BE0000756;BE0000581;BE0000090;BE0000418
DB01101,BE0000324;BE0004796;BE0004810
DB01102,BE0000172;BE0000694;BE0001012
DB01103,BE0004796;BE0001077;BE0000657;BE0001081
DB01104,BE0000749;BE0000647
DB01105,BE0000486;BE0000749;BE0000647
DB01106,BE0000442;BE0000464
DB01107,BE0000795;BE0004797
DB01108,BE0000051;BE0000059;BE0000123;BE0000792
DB01109,BE0000280;BE0000216;BE0001159
DB01110,BE0000233;BE0000263;BE0000005;BE0000553;BE0004422;BE0003196;BE0004423;BE0004424;BE0000415;BE0004425;BE0004426;BE0004427;BE0000090;BE0000462;BE0000699
DB01111,BE0004833
DB01112,BE0000576
DB01113,BE0000487;BE0000631
DB01114,BE0000442;BE0000749;BE0000486;BE0000647
DB01115,BE0000430;BE0000691;BE0002354;BE0002359;BE0002355;BE0000418;BE0000781;BE0000864
DB01116,BE0000411
DB01117,BE0004428;BE0000612;BE0000382
DB01118,BE0000090;BE0000172;BE0000864;BE0002396
DB01119,BE0000708;BE0000267;BE0000322;BE0000732;BE0000553;BE0000419
DB01120,BE0000207;BE0000163
DB01121,BE0000141
DB01122,BE0000426
DB01123,BE0004796;BE0000048;BE0003959;BE0004319
DB01124,BE0000207;BE0000644
DB01125,BE0000403
DB01126,BE0000585;BE0000539
DB01127,BE0000233
DB01128,BE0000132
DB01129,BE0000349
DB01130,BE0000794
DB01131,BE0000330;BE0000563
DB01132,BE0000215
DB01133,BE0004801;BE0003569;BE0000623
DB01135,BE0000738;BE0000560
DB01136,BE0000172;BE0000501;BE0000173;BE0000694;BE0000163;BE0000979;BE0001095;BE0000090;BE0001114;BE0000715;BE0000575;BE0000342;BE0000572;BE0000289;BE0001074;BE0002374
DB01137,BE0000429;BE0000366;BE0000742
DB01138,BE0001069;BE0000785
DB01139,BE0000576
DB01140,BE0004643;BE0004290;BE0004335;BE0003624
DB01141,BE0004669
DB01142,BE0000442;BE0000112;BE0000486;BE0000749;BE0000451;BE0000393;BE0000533;BE0000092;BE0000560;BE0000045;BE0000405;BE0000247;BE0000501;BE0000575;BE0000715;BE0000291;BE0000289;BE0000572;BE0000342;BE0000756;BE0000945;BE0000146;BE0000090
DB01143,BE0000896;BE0000457
DB01144,BE0000267;BE0000322;BE0000535;BE0003629
DB01145,BE0002360
DB01146,BE0000442;BE0000647
DB01147,BE0000576;BE0001358;BE0004644;BE0000142;BE0004647;BE0002475
DB01148,BE0000560;BE0000092
DB01149,BE0000451;BE0000533;BE0000749;BE0000291;BE0000486;BE0000647;BE0000575;BE0000289;BE0000501
DB01150,BE0003395;BE0002392;BE0000142
DB01151,BE0000486;BE0000749;BE0000451;BE0000694;BE0000172;BE0000973;BE0000442;BE0004863;BE0000092;BE0000560;BE0000045;BE0000405;BE0000247;BE0000291;BE0000533;BE0000756;BE0004864
DB01153,BE0000233
DB01154,BE0000795;BE0002441;BE0000708
DB01155,BE0000429;BE0000366
DB01156,BE0000647;BE0000486;BE0003585
DB01157,BE0000330
DB01158,BE0000732
DB01159,BE0003582;BE0003583;BE0000553;BE0000641;BE0000534;BE0000760;BE0000433;BE0001200;BE0001030;BE0001028;BE0000503;BE0000415;BE0000484;BE0000218;BE0000795;BE0001080;BE0000948;BE0004797
DB01160,BE0000610;BE0000475
DB01161,BE0000177;BE0000641;BE0000411;BE0000311;BE0000647
DB01162,BE0000501;BE0000575;BE0000715;BE0000090;BE0000462;BE0000699
DB01164,
DB01165,BE0000429;BE0000366;BE0000742
DB01166,BE0000436
DB01167,BE0000875;BE0000690
DB01168,BE0004796
DB01169,BE0001154;BE0001979;BE0001040;BE0001027;BE0001062;BE0000923;BE0000428
DB01170,BE0000486
DB01171,BE0002198
DB01172,BE0000279;BE0004799
DB01173,BE0000396;BE0000365;BE0000534;BE0000641;BE0000442;BE0000486;BE0000177
DB01174,BE0000795;BE0000849;BE0002341;BE0000829;BE0000826;BE0004956
DB01175,BE0000749;BE0000647;BE0000486;BE0000501;BE0000092;BE0000442
DB01176,BE0000442;BE0000951
DB01177,BE0004796;BE0000742
DB01178,BE0000736
DB01179,BE0000742;BE0001391;BE0000143
DB01180,BE0000221
DB01181,BE0004796
DB01182,BE0000197;BE0000090
DB01183,BE0000770;BE0000420;BE0000632;BE0000958;BE0000123;BE0002442
DB01184,BE0000756;BE0000581
DB01185,BE0000132;BE0000123;BE0000345;BE0000794
DB01186,BE0000756;BE0000581;BE0000389;BE0000291;BE0000393;BE0000451;BE0000659;BE0000572;BE0000289;BE0000342;BE0000145;BE0000020;BE0000797;BE0000533;BE0000501;BE0000575;BE0000715
DB01187,
DB01188,BE0000732
DB01189,BE0004797;BE0000433;BE0000640;BE0000781;BE0000218;BE0000484;BE0000503
DB01190,BE0000743;BE0004800
DB01191,BE0000749;BE0000533
DB01192,BE0000770;BE0000420
DB01193,BE0000172;BE0000694
DB01194,BE0000322;BE0000267;BE0000535;BE0003626
DB01195,BE0000197;BE0002083
DB01196,BE0001100;BE0001169;BE0000123;BE0000792
DB01197,BE0000221;BE0000642;BE0000058;BE0001680
DB01198,BE0000795;BE0000381;BE0000523;BE0000471;BE0000736
DB01199,BE0000738;BE0000311;BE0000426
DB01200,BE0000756;BE0000581;BE0000659;BE0000289;BE0000291;BE0000342;BE0000572;BE0000393;BE0000389;BE0000451;BE0000797;BE0000533;BE0000145;BE0000020;BE0000501;BE0000575;BE0000715;BE0000650
DB01201,BE0000186
DB01202,BE0000993;BE0002226
DB01203,BE0000172;BE0000694
DB01204,BE0004796;BE0000742
DB01205,BE0000795;BE0003592;BE0000471;BE0004797
DB01206,BE0004796;BE0004003
DB01207,BE0000759;BE0001893
DB01208,BE0000429;BE0000366;BE0000742
DB01209,BE0000770;BE0000632
DB01210,BE0000694;BE0000172
DB01211,BE0000743;BE0001032;BE0000090;BE0002638;BE0001004;BE0003659
DB01212,BE0003624;BE0000879;BE0001066;BE0003645;BE0001018
DB01213,BE0000227;BE0000400;BE0000465;BE0001207
DB01214,BE0000694;BE0000172
DB01215,BE0000795;BE0000381;BE0000523;BE0000471;BE0003593;BE0003592;BE0003594;BE0002344;BE0002346;BE0002345;BE0003599;BE0003595;BE0003596;BE0000129;BE0003598;BE0003619;BE0004797
DB01216,BE0000585;BE0000539;BE0003610
DB01217,BE0002090
DB01218,BE0004805;BE0000090;BE0001694
DB01219,BE0000739
DB01220,BE0000257;BE0000956
DB01221,BE0000641;BE0000384;BE0000756;BE0000420;BE0000486;BE0000632;BE0000770;BE0004890;BE0004957;BE0004958
DB01222,BE0000794
DB01223,BE0000436;BE0000013;BE0000354;BE0002366
DB01224,BE0000451;BE0000756;BE0000291;BE0000797;BE0000659;BE0000476;BE0000533;BE0000311;BE0000945;BE0000650;BE0000020;BE0000145;BE0000581;BE0000389;BE0000442;BE0000501;BE0000575;BE0000715;BE0000289;BE0000572;BE0000342;BE0000092;BE0000560;BE0000045;BE0000405;BE0000247
DB01225,BE0000280;BE0000216
DB01226,BE0000738;BE0000560;BE0000045;BE0002180
DB01227,BE0000770;BE0003584;BE0003585
DB01228,BE0000197
DB01229,BE0000026;BE0000246;BE0000956;BE0003475;BE0001100;BE0003474
DB01231,BE0000092;BE0000045;BE0000560
DB01232,BE0004854
DB01233,BE0000756;BE0000092;BE0000084;BE0000311
DB01234,BE0000794;BE0000074;BE0000422;BE0000005
DB01235,BE0000020;BE0000145;BE0000756;BE0000581;BE0000389
DB01236,BE0000795;BE0000433;BE0000640;BE0000781;BE0000218;BE0000484;BE0000503;BE0004797
DB01237,BE0000442
DB01238,BE0000451;BE0000756;BE0000291;BE0000797;BE0000659;BE0000476;BE0000533;BE0000311;BE0000945;BE0000650;BE0000020;BE0000145;BE0000581;BE0000389;BE0000442;BE0000501;BE0000575;BE0000289;BE0000572;BE0000342;BE0000092;BE0000560;BE0000045;BE0000405;BE0000247
DB01239,BE0000756;BE0000020;BE0000581;BE0000451;BE0000393;BE0000533;BE0000442;BE0000092;BE0000560;BE0000045;BE0000405;BE0000247
DB01240,BE0000110;BE0000475;BE0000117
DB01241,BE0000071
DB01242,BE0000749;BE0000451;BE0000393;BE0000533;BE0000486;BE0000814
DB01243,
DB01244,BE0000356;BE0000864;BE0002396;BE0000732;BE0000672;BE0001024;BE0000418;BE0003323;BE0003565
DB01245,BE0000738;BE0000426
DB01246,BE0000442
DB01247,BE0002198;BE0002196
DB01248,BE0000026;BE0000246;BE0001100;BE0003475;BE0003474;BE0000956
DB01249,
DB01250,BE0000987;BE0000944
DB01251,BE0000207;BE0002441
DB01252,BE0000207;BE0000215
DB01253,BE0000501
DB01254,BE0000014;BE0000838;BE0000841;BE0000842;BE0000840;BE0000453;BE0000205;BE0000891;BE0000435;BE0000839
DB01255,BE0000647;BE0000575
DB01256,BE0000843
DB01257,BE0000855
DB01259,BE0000767;BE0000511
DB01260,BE0000794
DB01261,BE0000854
DB01262,BE0004796;BE0000892
DB01263,BE0000233
DB01264,BE0004854
DB01265,BE0000555;BE0004796
DB01266,
DB01267,BE0000451;BE0000756;BE0000442;BE0000501;BE0000575;BE0000389;BE0000659;BE0000581;BE0000533;BE0000289;BE0000572;BE0000342;BE0000291;BE0000020;BE0002638;BE0002363;BE0002362
DB01268,BE0000205;BE0000029;BE0000453;BE0000369;BE0000023;BE0000147;BE0000853;BE0000852
DB01269,BE0000767
DB01270,BE0000163
DB01271,BE0004819;BE0004820;BE0000856
DB01272,BE0004494;BE0004831
DB01273,BE0000849;BE0002341;BE0003585;BE0003587
DB01274,BE0000694
DB01275,BE0001002;BE0000060
DB01276,BE0000857
DB01277,BE0000858;BE0000970;BE0000033;BE0003623
DB01278,BE0000431;BE0000859;BE0000860;BE0000861
DB01279,BE0004819;BE0000856
DB01280,BE0004796;BE0000546
DB01281,BE0000847;BE0000846
DB01282,BE0000844
DB01283,BE0000262;BE0000017
DB01284,BE0000848
DB01285,BE0000848;BE0001026
DB01288,BE0000694;BE0000172;BE0001012
DB01289,BE0002441
DB01291,BE0000694;BE0000172
DB01294,
DB01295,BE0000172;BE0000694;BE0000501
DB01296,BE0000058;BE0002387;BE0000704;BE0000944;BE0001697
DB01297,BE0000172
DB01298,BE0000803
DB01299,BE0002360;BE0000563
DB01301,BE0000127;BE0004799
DB01303,BE0000436;BE0001133;BE0000924;BE0000013;BE0002366
DB01306,BE0000033
DB01307,BE0000033
DB01309,BE0000033
DB01319,BE0004854
DB01320,BE0000197
DB01321,BE0003720
DB01324,BE0000419
DB01325,BE0000267;BE0000322;BE0000502;BE0000281;BE0000419
DB01326,BE0003688
DB01327,BE0000588;BE0000488;BE0003723;BE0003579;BE0002393;BE0000930
DB01328,BE0000588;BE0002393;BE0000488;BE0000744;BE0003579
DB01329,BE0002393;BE0000488;BE0003579;BE0003686;BE0003687;BE0003685;BE0000588;BE0002063;BE0000744
DB01330,BE0004643
DB01331,BE0003685;BE0002063;BE0004430;BE0000744;BE0000588;BE0000488;BE0002393;BE0004643;BE0004335;BE0004644;BE0004290;BE0003624
DB01332,BE0003618;BE0000588;BE0000488;BE0002393
DB01333,BE0000588
DB01336,BE0000738;BE0000560
DB01337,BE0000738;BE0000560;BE0000045
DB01338,BE0000738;BE0000560;BE0000045
DB01339,BE0000738
DB01340,BE0000221
DB01342,BE0000062
DB01344,BE0004816
DB01345,BE0000732
DB01346,BE0000795;BE0000381;BE0000197;BE0000154;BE0000829
DB01347,BE0000062
DB01348,BE0000221
DB01349,BE0000062;BE0003426
DB01351,BE0000795;BE0000381;BE0000523;BE0000478;BE0000471;BE0000764;BE0000849;BE0002341;BE0000829;BE0000826
DB01352,BE0000795;BE0000381;BE0000523;BE0000478;BE0000471;BE0000764;BE0000849;BE0002341;BE0000829;BE0000826
DB01353,BE0000795;BE0000381;BE0000523;BE0000478;BE0000471;BE0000764;BE0000849;BE0002341;BE0000829;BE0000826
DB01354,BE0000795;BE0000381;BE0000523;BE0000478;BE0000471;BE0000764;BE0000849;BE0002341;BE0000829;BE0000826
DB01355,BE0000795;BE0000381;BE0000523;BE0000478;BE0000471;BE0000764;BE0000849;BE0002341;BE0000829;BE0000826
DB01356,BE0001065;BE0001152;BE0000983;BE0000831
DB01357,BE0000123
DB01359,BE0000172;BE0000694;BE0000291;BE0000797
DB01361,BE0003675;BE0003674
DB01362,
DB01363,BE0000647;BE0000486;BE0000289;BE0000572;BE0000342;BE0002198;BE0002196;BE0000172;BE0000694;BE0001012;BE0000749;BE0000118;BE0004674
DB01364,BE0000486;BE0000501;BE0000118;BE0000426
DB01365,BE0004888;BE0004872
DB01366,BE0000694
DB01367,BE0002196;BE0000246
DB01369,BE0004800;BE0000743;BE0002464
DB01370,BE0000510;BE0000732
DB01375,BE0001024;BE0002468;BE0002469;BE0002470
DB01377,
DB01380,BE0000794
DB01381,BE0000486;BE0001640;BE0000433;BE0000795;BE0002346;BE0003592
DB01382,BE0000644;BE0000207
DB01384,BE0000794
DB01390,BE0004849
DB01392,BE0000289;BE0000572;BE0000342;BE0000291;BE0000797;BE0000659;BE0000756;BE0000581;BE0000451;BE0000533;BE0004905;BE0000393
DB01393,BE0000071;BE0001007;BE0000215
DB01394,BE0000026;BE0000143
DB01395,BE0000557;BE0000668;BE0000132
DB01396,BE0000732
DB01397,BE0000262;BE0000017
DB01399,BE0000262;BE0000017
DB01400,BE0000426
DB01401,BE0000017;BE0000262
DB01403,BE0000756;BE0000020;BE0000145;BE0000581;BE0000389;BE0000451;BE0000533;BE0000442;BE0000092;BE0000560;BE0000045;BE0000405;BE0000247;BE0000501;BE0000575;BE0000715;BE0000289;BE0000572;BE0000342
DB01404,BE0000918;BE0000262;BE0003721
DB01406,BE0000123;BE0000132;BE0000557;BE0000203;BE0000472;BE0001047
DB01407,BE0000694;BE0000172;BE0001012;BE0001094;BE0000704
DB01408,BE0000694
DB01409,BE0000045;BE0000092;BE0000560
DB01410,BE0000794
DB01411,BE0000705;BE0000704;BE0001208;BE0000908;BE0001086;BE0001034
DB01412,BE0000013;BE0000924;BE0000487
DB01413,BE0003579;BE0002393;BE0004647;BE0004648
DB01414,BE0000588;BE0000488
DB01415,BE0002393;BE0000588;BE0000488;BE0003579
DB01416,BE0002393
DB01418,BE0000713
DB01419,BE0000017;BE0000262
DB01420,BE0000132
DB01421,BE0003676;BE0004799
DB01422,BE0001534;BE0004811;BE0004812
DB01423,
DB01424,
DB01425,BE0000756
DB01426,BE0000197
DB01427,BE0000436;BE0000487;BE0000704;BE0004908
DB01428,
DB01429,BE0000197;BE0000418
DB01430,BE0000732
DB01431,BE0000557;BE0000123
DB01432,BE0004809
DB01433,BE0000770
DB01435,BE0000262;BE0000017
DB01436,BE0000779;BE0000443
DB01437,BE0000795;BE0004797
DB01438,BE0000141
DB01440,BE0004841;BE0002344
DB01452,BE0000770;BE0000632;BE0000420
DB01463,BE0000647
DB01466,BE0000770
DB01482,
DB01489,
DB01501,
DB01511,
DB01544,BE0000736;BE0000381;BE0000478;BE0000471;BE0000764;BE0000523
DB01545,
DB01550,
DB01551,
DB01553,
DB01558,BE0000795;BE0000381;BE0000523;BE0000478;BE0000471;BE0000764;BE0002344;BE0002346;BE0002345;BE0003593;BE0003592;BE0003594;BE0003599;BE0003595;BE0003596;BE0000129;BE0003598;BE0003619;BE0003597
DB01559,BE0000795;BE0000381;BE0000523;BE0000471;BE0003593;BE0003592;BE0003594;BE0002344;BE0002346;BE0002345;BE0003599;BE0003595;BE0003596;BE0000129;BE0003598;BE0003619
DB01563,
DB01567,BE0000795;BE0000381;BE0000523;BE0000471;BE0003593;BE0003592;BE0003594;BE0002344;BE0002346;BE0002345;BE0003599;BE0003595;BE0003596;BE0000129;BE0003598;BE0003619
DB01574,
DB01575,
DB01576,BE0000118;BE0000486;BE0000647;BE0001044;BE0000501;BE0000575
DB01577,BE0000647;BE0000749;BE0000486;BE0000118;BE0004674;BE0001044;BE0000289;BE0000572;BE0000342;BE0002198;BE0002196
DB01578,
DB01579,BE0000501;BE0000486;BE0000575
DB01580,BE0000172;BE0000694
DB01581,BE0000803
DB01582,BE0000803
DB01583,BE0000687;BE0000315
DB01584,
DB01586,BE0000622
DB01587,BE0000736;BE0000795;BE0002344;BE0003593;BE0003599;BE0003595
DB01588,BE0000795;BE0000381;BE0000523;BE0000471;BE0003593;BE0003592;BE0003594;BE0002344;BE0002346;BE0002345;BE0003599;BE0003595;BE0003596;BE0000129;BE0003598;BE0003619;BE0004797
DB01589,BE0000795;BE0000381;BE0000523;BE0000471;BE0003593;BE0003592;BE0003594;BE0002344;BE0002345;BE0003599;BE0003595;BE0003596;BE0000129;BE0003598;BE0003619;BE0004797
DB01590,BE0002386
DB01591,BE0000045;BE0000092;BE0000560;BE0000405;BE0000247
DB01592,
DB01593,
DB01594,BE0000795;BE0000381;BE0000523;BE0000471;BE0003593;BE0003592;BE0003594;BE0002344;BE0002346;BE0002345;BE0003599;BE0003595;BE0003596;BE0000129;BE0003598;BE0003619
DB01595,BE0000795;BE0000381;BE0000523;BE0000478;BE0000471;BE0000764;BE0002344;BE0002346;BE0002345;BE0003593;BE0003592;BE0003594;BE0003599;BE0003595;BE0003596;BE0000129;BE0003598;BE0003619;BE0003597;BE0000141
DB01597,BE0001148
DB01598,BE0003579;BE0000488;BE0000588;BE0000790;BE0000302
DB01599,BE0000119;BE0002705
DB01600,BE0000262;BE0000017
DB01601,BE0004854
DB01602,BE0000576
DB01603,BE0003618;BE0004644;BE0004335;BE0003624;BE0004643;BE0004290
DB01604,BE0000576
DB01605,BE0000576
DB01606,BE0002015;BE0001568
DB01607,BE0003577
DB01608,BE0000020;BE0000289;BE0000575
DB01609,BE0004807
DB01610,BE0004796
DB01611,BE0004796;BE0000155;BE0001171
DB01612,BE0000556
DB01613,BE0000556;BE0000997
DB01614,BE0000756;BE0000020;BE0000451;BE0000291;BE0000501;BE0000575
DB01615,BE0000442
DB01616,BE0000291
DB01618,BE0000756;BE0000291;BE0000451;BE0000092
DB01619,BE0000442
DB01620,BE0000442
DB01621,BE0000756;BE0000020;BE0000451;BE0000291
DB01622,BE0000756;BE0000020;BE0000451;BE0000291;BE0000501;BE0000575
DB01623,BE0000756;BE0000020;BE0000451
DB01624,BE0000020;BE0000145;BE0000756;BE0000501;BE0000289;BE0000451;BE0000442
DB01625,BE0000045;BE0000405
DB01626,BE0002196;BE0002198
DB01627,BE0000743
DB01628,BE0000262
DB01638,BE0001225;BE0001214;BE0001220;BE0001216
DB01656,BE0001287;BE0001133;BE0000487;BE0002353
DB01718,BE0002512;BE0003738
DB01744,BE0001246
DB01764,BE0001238
DB01878,
DB02187,BE0000194
DB02300,BE0000779
DB02325,BE0004440;BE0002577;BE0002722;BE0004626;BE0001055;BE0002723;BE0001377;BE0002724;BE0003317;BE0002725;BE0004529;BE0002726;BE0001458;BE0001640;BE0001432;BE0001346;BE0002727;BE0001058;BE0002728;BE0000869;BE0004641;BE0002729;BE0000704;BE0004487;BE0001684;BE0004598;BE0001565;BE0001907;BE0001993;BE0002036
DB02513,
DB02546,BE0002365;BE0002366;BE0002367;BE0002368;BE0001608;BE0002796
DB02638,BE0000293;BE0000773;BE0000165
DB02659,BE0001033;BE0000465;BE0002088;BE0001967;BE0003986;BE0000335;BE0003385;BE0003987;BE0003988;BE0003989;BE0003990;BE0003991;BE0003992;BE0003993;BE0003994;BE0003995;BE0003996;BE0003997;BE0002705;BE0003999;BE0001392
DB02701,BE0001869;BE0000425;BE0001717;BE0003362;BE0001241
DB02703,BE0001796;BE0001800;BE0001542
DB02959,BE0001830
DB03128,BE0000426
DB03147,BE0001720;BE0001704;BE0001590;BE0002364;BE0001921;BE0001745;BE0004141;BE0001787;BE0001969;BE0002198;BE0000762;BE0004566;BE0001961;BE0001784;BE0001543;BE0000067;BE0001184;BE0001523;BE0001487;BE0004574;BE0000648;BE0001382;BE0000160;BE0001550;BE0001409;BE0001354;BE0002067;BE0000298;BE0002064;BE0001301;BE0001551;BE0000220;BE0000397;BE0002204;BE0001230;BE0002961;BE0002597;BE0000960;BE0002962;BE0000114;BE0002963;BE0001979;BE0002964;BE0000605;BE0002938;BE0000965;BE0002596;BE0002965;BE0002966;BE0002967;BE0002968;BE0002969;BE0002970;BE0000737;BE0002881;BE0004507;BE0002774;BE0002196;BE0004480;BE0004135;BE0002971;BE0004580;BE0002972;BE0002917;BE0002619;BE0002973;BE0002974;BE0002975;BE0002976;BE0002977;BE0002978;BE0002979;BE0002980;BE0002981;BE0002982;BE0002983;BE0002984;BE0002985;BE0002616;BE0002986;BE0002987;BE0002988;BE0002989;BE0002990;BE0002001
DB03166,
DB03209,
DB03255,BE0001346;BE0001248;BE0001229
DB03404,
DB03615,BE0002677;BE0002566;BE0002467;BE0000279
DB03619,BE0001236;BE0002929;BE0004053;BE0001392;BE0004054;BE0001817;BE0004055;BE0004056
DB03754,BE0001790;BE0001770;BE0001746;BE0002074;BE0002580;BE0003174;BE0003175;BE0001496;BE0000101;BE0001731;BE0000163;BE0001966;BE0004510
DB03793,BE0002046;BE0001660;BE0001631;BE0004141;BE0001658;BE0001976;BE0001710;BE0002742;BE0003176;BE0003031;BE0003177;BE0003178;BE0000907;BE0001477;BE0001413
DB03843,BE0001349
DB03904,BE0000286;BE0000322;BE0001991;BE0000985;BE0001990;BE0002010
DB04224,BE0001854;BE0001566;BE0004171
DB04304,BE0001804
DB04339,BE0000814
DB04398,BE0001787;BE0003297
DB04465,BE0004501;BE0001854;BE0001947;BE0001946;BE0003072;BE0002766;BE0001421;BE0001411
DB04552,BE0003997;BE0000262;BE0002376;BE0000017;BE0000657;BE0003538
DB04570,BE0000790;BE0000588;BE0000488;BE0000744
DB04571,BE0004796
DB04572,BE0004796
DB04573,BE0000123;BE0000792
DB04574,BE0000123;BE0000792
DB04575,BE0000123
DB04576,BE0000742;BE0000366;BE0000429
DB04711,
DB04743,BE0000262;BE0003768;BE0000994
DB04786,BE0002401;BE0003362;BE0000387;BE0000739;BE0000048;BE0001640;BE0001457
DB04794,BE0000233;BE0003549
DB04815,
DB04835,BE0000911
DB04837,BE0000442
DB04838,BE0000691;BE0002705
DB04839,BE0000132
DB04840,BE0000486
DB04841,BE0000483;BE0000864;BE0000012;BE0000442;BE0000418
DB04842,BE0000756;BE0000451;BE0000679
DB04843,BE0000092;BE0000045
DB04844,BE0000118;BE0000756
DB04845,BE0001415
DB04846,BE0000172;BE0000694
DB04854,BE0002204
DB04855,BE0000501;BE0000575;BE0000715;BE0000289;BE0000572;BE0000342;BE0000172;BE0000090;BE0000430;BE0002359;BE0002357;BE0002355;BE0000303;BE0002354;BE0002358;BE0002356;BE0000141;BE0000210
DB04861,BE0000172;BE0000694
DB04865,BE0004749;BE0003833
DB04868,BE0000014;BE0000453
DB04871,BE0000533
DB04876,BE0000854
DB04877,BE0001032
DB04878,BE0000837
DB04880,BE0000436
DB04890,BE0000442
DB04894,BE0003528;BE0002147;BE0000384
DB04895,BE0002129
DB04896,BE0000749;BE0000486;BE0004956
DB04897,
DB04898,BE0000048
DB04899,BE0000556;BE0000997;BE0002426
DB04900,
DB04908,BE0000291;BE0000451;BE0000389
DB04911,
DB04920,BE0002357;BE0002355;BE0002359;BE0000430
DB04930,BE0000141
DB04931,BE0002447
DB04932,BE0000013;BE0000924;BE0000241
DB04938,BE0000123
DB04941,BE0001195;BE0004746
DB04942,BE0000663;BE0000206
DB04946,BE0000451;BE0000756;BE0000020;BE0000581;BE0000389;BE0000291;BE0000945;BE0000650;BE0000501;BE0000442;BE0000342
DB04948,BE0000289
DB04953,BE0000897;BE0002398;BE0002399;BE0002400
DB04967,BE0000742;BE0002414;BE0004796;BE0000971
DB05013,BE0002417;BE0001132
DB05015,
DB05016,
DB05039,BE0000694
DB05109,BE0004796
DB05239,BE0000870
DB05245,BE0004796
DB05246,BE0000483
DB05258,BE0000661
DB05259,BE0002416
DB05260,BE0002450;BE0003813;BE0000724;BE0004801;BE0003003;BE0001051
DB05265,BE0002423;BE0000334
DB05266,BE0001133;BE0000487;BE0002353;BE0001287;BE0000436
DB05269,BE0000239
DB05271,BE0000581;BE0000389;BE0000756;BE0000145;BE0000020;BE0000291;BE0000572
DB05273,
DB05276,BE0002427
DB05294,BE0000163;BE0000767;BE0004731;BE0003379
DB05311,BE0002440
DB05332,BE0003440
DB05336,
DB05368,
DB05389,BE0003374;BE0003375
DB05521,BE0004701
DB05528,BE0004845
DB05578,BE0000369
DB05630,BE0000971
DB05676,BE0001287;BE0001133;BE0000487;BE0000704;BE0001029;BE0000944;BE0000263
DB05679,BE0000981
DB05773,BE0000511
DB05777,BE0000041;BE0000048
DB05812,BE0000344
DB05829,BE0003508;BE0004703
DB06016,BE0000581;BE0000756;BE0000291;BE0000393;BE0000451;BE0000442
DB06144,BE0000756;BE0000451;BE0000533;BE0000945;BE0000090;BE0000501;BE0000575;BE0000715
DB06147,BE0002360
DB06148,BE0000289;BE0000451;BE0000533;BE0000442;BE0000486;BE0000749;BE0000146;BE0000291;BE0000342;BE0000393;BE0000460;BE0000572;BE0000581;BE0000632;BE0000647;BE0000650;BE0000756;BE0000945;BE0004863;BE0004889
DB06149,BE0004826
DB06150,
DB06151,BE0004839;BE0000481;BE0004655;BE0001154;BE0000185;BE0000030;BE0000417;BE0000365;BE0000760;BE0000396;BE0000641
DB06155,BE0000061
DB06168,BE0001051
DB06176,BE0002365;BE0002366;BE0003523;BE0002368
DB06186,BE0000887
DB06196,BE0003513;BE0001078
DB06201,BE0001192;BE0001143
DB06203,BE0000854
DB06204,BE0000770;BE0000486;BE0000632;BE0000420;BE0000311;BE0000749
DB06205,BE0004821;BE0000984
DB06206,
DB06207,BE0000501;BE0000575;BE0000715
DB06209,BE0000110
DB06210,BE0003440
DB06211,BE0000588;BE0000488;BE0003579;BE0004647;BE0008485
DB06212,BE0000293;BE0000165
DB06213,BE0000924
DB06216,BE0000756;BE0000451;BE0000291;BE0000797;BE0000393;BE0000533;BE0004688;BE0000945;BE0000650;BE0000289;BE0000572;BE0000342;BE0000501;BE0000020;BE0000581;BE0000389;BE0000442;BE0000112;BE0000172;BE0000694
DB06218,BE0001143;BE0002082;BE0000177
DB06219,
DB06228,BE0000216
DB06237,BE0000182
DB06243,BE0000404
DB06255,
DB06261,
DB06262,BE0000501;BE0000575;BE0000715;BE0000289;BE0000572;BE0000342;BE0000172;BE0000694;BE0001012;BE0000753
DB06267,BE0000182
DB06268,BE0000521;BE0000043
DB06271,BE0000775;BE0000280
DB06273,BE0002859
DB06274,BE0000770;BE0000632;BE0000420
DB06282,BE0000442
DB06283,
DB06285,BE0003508
DB06287,BE0002386
DB06288,BE0000756;BE0000581;BE0000650;BE0000451
DB06290,BE0004004
DB06292,BE0004753
DB06317,BE0003492
DB06335,BE0000854
DB06366,BE0000511
DB06372,BE0001051;BE0004734;BE0004735
DB06401,BE0000123
DB06402,
DB06403,BE0000521;BE0000043
DB06404,BE0002458
DB06410,BE0000779
DB06412,BE0000132;BE0000979
DB06413,BE0000647
DB06414,
DB06415,
DB06439,BE0000239
DB06441,BE0000110
DB06480,BE0000084
DB06589,BE0000029;BE0000369;BE0000023;BE0000852;BE0000205;BE0000453;BE0002133;BE0001341;BE0000689;BE0004714
DB06590,
DB06594,BE0000533;BE0000515;BE0000327
DB06603,BE0002368;BE0003523;BE0002367;BE0002365;BE0002366;BE0001608;BE0003524;BE0003525;BE0000881;BE0003526
DB06605,BE0000216
DB06612,BE0001208
DB06614,BE0000057;BE0003527
DB06616,BE0004743;BE0000014;BE0004315;BE0001424;BE0000838;BE0001072;BE0000870;BE0004744;BE0004745;BE0004384
DB06623,BE0000289
DB06626,BE0000029;BE0000369;BE0000023
DB06636,
DB06637,BE0000781;BE0004715;BE0004716;BE0004502;BE0004717;BE0004718;BE0004719;BE0004720;BE0004721;BE0004722;BE0004723;BE0004724;BE0004725;BE0004726;BE0003603;BE0003604
DB06643,BE0003517
DB06650,BE0000066
DB06655,BE0000857
DB06663,BE0000452;BE0003528;BE0003529;BE0002147
DB06674,BE0000704
DB06681,BE0000846;BE0000847
DB06684,BE0000291
DB06688,BE0001102
DB06689,BE0004817;BE0004672
DB06690,
DB06691,BE0000442
DB06692,BE0001739;BE0003531;BE0000211;BE0001091
DB06694,BE0000501;BE0000289;BE0000572;BE0000575;BE0000715;BE0000342
DB06695,BE0000048
DB06696,BE0000279
DB06697,
DB06698,BE0000442;BE0000968
DB06699,BE0000203
DB06700,BE0000749;BE0000486
DB06701,BE0000647;BE0000486;BE0000749
DB06702,BE0000045;BE0000405;BE0000092;BE0000560;BE0000247
DB06703,
DB06704,
DB06705,
DB06706,BE0000501;BE0000118
DB06707,BE0000501;BE0000486
DB06708,
DB06709,BE0000045
DB06710,BE0000132
DB06711,BE0000501;BE0000289
DB06712,BE0000430;BE0000691;BE0002354;BE0002359;BE0002355;BE0003563
DB06713,BE0000557
DB06714,BE0000118;BE0001044
DB06715,BE0004824
DB06716,BE0002346;BE0002345
DB06717,
DB06718,BE0004844;BE0004843
DB06719,BE0000134;BE0000203
DB06720,BE0000978
DB06723,
DB06724,
DB06725,BE0000017;BE0000262
DB06729,BE0000803
DB06730,
DB06737,
DB06738,BE0000770;BE0000632;BE0000420;BE0004956
DB06742,
DB06751,BE0001133;BE0000430
DB06756,
DB06757,
DB06760,
DB06761,
DB06764,BE0000501
DB06766,BE0000442
DB06767,
DB06768,
DB06769,
DB06770,
DB06771,BE0000429;BE0003726;BE0000366;BE0003724
DB06772,BE0001391;BE0000026
DB06773,
DB06774,BE0001023
DB06775,BE0004671
DB06777,BE0001777
DB06779,BE0000280;BE0000163;BE0000967;BE0001159
DB06781,BE0000794
DB06782,BE0004813;BE0004802;BE0004814
DB06783,
DB06785,BE0000203
DB06786,BE0004659
DB06787,
DB06788,
DB06789,BE0000557
DB06790,
DB06791,BE0003528;BE0002147
DB06792,BE0004815
DB06793,
DB06794,
DB06795,BE0003628
DB06796,
DB06799,
DB06800,BE0000770;BE0000632
DB06802,BE0000017;BE0000262
DB06803,BE0004796
DB06804,
DB06809,BE0000919
DB06810,BE0004796
DB06811,
DB06812,
DB06813,BE0000330;BE0000324
DB06816,
DB06817,BE0004855
DB06819,
DB06820,
DB06822,BE0000280;BE0000590;BE0001150
DB06823,
DB06824,
DB06825,BE0000203
DB06826,
DB06827,BE0004846
DB07615,BE0001167
DB08439,BE0000262;BE0000994
DB08604,BE0002006;BE0000332;BE0001774;BE0004346;BE0004347
DB08792,
DB08795,BE0004644;BE0004335;BE0004643;BE0004290;BE0003624
DB08796,
DB08797,
DB08798,BE0002360
DB08799,BE0000442
DB08800,BE0000442
DB08801,BE0000442;BE0000560
DB08802,BE0000442
DB08803,
DB08804,BE0000132
DB08806,BE0000112
DB08807,BE0000172;BE0000694;BE0000291;BE0000797;BE0001012
DB08808,BE0000172;BE0000694;BE0001012
DB08810,BE0000291;BE0000451;BE0000084
DB08811,BE0001133;BE0000631;BE0000436;BE0002085
DB08813,BE0000280;BE0001159;BE0001126;BE0004689
DB08814,BE0000017;BE0001086;BE0000005;BE0000631
DB08815,BE0000756;BE0000451;BE0000650;BE0000291;BE0000342;BE0000289
DB08816,BE0000110
DB08818,BE0001113;BE0001085;BE0004702;BE0004512;BE0004606;BE0004930;BE0004933;BE0004935;BE0004936;BE0004940;BE0004944;BE0004948;BE0004952;BE0004942;BE0004943
DB08819,BE0000610
DB08820,BE0001195
DB08822,BE0000062
DB08823,
DB08824,
DB08826,
DB08827,BE0000232
DB08828,BE0004659
DB08834,
DB08835,
DB08842,
DB08847,
DB08860,BE0000574
DB08862,
DB08864,BE0004853;BE0000956
DB08865,BE0000359;BE0000915
DB08867,BE0000557;BE0000794;BE0000132
DB08868,BE0002432
DB08869,BE0000625
DB08870,BE0003479
DB08871,
DB08872,
DB08873,BE0004701
DB08874,BE0004732
DB08875,BE0000915;BE0000369;BE0002411
DB08876,BE0004806
DB08877,BE0004145;BE0002408
DB08879,BE0000999
DB08880,BE0000382
DB08881,BE0000634
DB08882,BE0000854
DB08883,BE0000640
DB08884,
DB08885,BE0000163;BE0003148;BE0004736
DB08886,
DB08887,
DB08888,BE0001180;BE0000910;BE0001125
DB08889,BE0002348;BE0004739;BE0002347;BE0004737;BE0002349;BE0004738
DB08890,BE0003502
DB08893,BE0001012
DB08894,BE0000654
DB08895,BE0002408;BE0004145;BE0003493
DB08896,BE0002411;BE0000029;BE0000369;BE0000023;BE0000453;BE0000852;BE0000205;BE0002131;BE0000748;BE0003379;BE0004741;BE0001039;BE0000841;BE0000036;BE0000634;BE0003390;BE0004742;BE0000014
DB08897,BE0000092;BE0000560;BE0000045;BE0000405;BE0000247
DB08898,BE0004838
DB08899,BE0000132
DB08900,BE0002134
DB08901,BE0000014;BE0004743;BE0000453;BE0002411;BE0003379;BE0000147;BE0002131;BE0000748;BE0002133;BE0001203;BE0000842;BE0000838;BE0004315;BE0000369;BE0000852
DB08902,BE0004747
DB08903,BE0004748
DB08904,BE0000704
DB08905,
DB08906,BE0000794
DB08907,BE0004753;BE0004754
DB08908,BE0004756
DB08909,
DB08910,BE0004755;BE0000704;BE0000262
DB08911,BE0000870;BE0004744
DB08912,BE0000634;BE0000036;BE0004757;BE0004758;BE0004759
DB08913,
DB08916,BE0000767;BE0000511;BE0004772
DB08917,
DB08918,BE0000749;BE0000486
DB08922,
DB08923,BE0000654
DB08924,
DB08928,
DB08930,BE0004855
DB08931,BE0003578
DB08932,BE0000521;BE0000043
DB08933,BE0000233
DB08934,
DB08935,BE0000066
DB08936,BE0000442
DB08941,
DB08943,
DB08944,
DB08946,
DB08947,
DB08954,BE0000365;BE0000417
DB08957,
DB08958,
DB08964,
DB08965,
DB08966,
DB08967,
DB08968,
DB08970,
DB08971,
DB08973,
DB08974,
DB08976,
DB08977,
DB08979,
DB08981,
DB08982,
DB08983,
DB08984,
DB08987,
DB08990,
DB08991,
DB08992,
DB08993,
DB08994,
DB08995,
DB08996,BE0000426
DB08998,
DB09000,
DB09002,
DB09003,
DB09006,
DB09008,
DB09009,
DB09012,
DB09014,BE0000533;BE0000156;BE0000581
DB09015,
DB09016,BE0000749;BE0000442;BE0000451
DB09017,
DB09018,BE0000756
DB09019,
DB09020,
DB09021,
DB09024,
DB09026,BE0000270
DB09027,BE0008651
DB09028,BE0000849;BE0002341;BE0003585;BE0003587
DB09029,BE0005863
DB09030,BE0000928
DB09031,
DB09033,BE0000590;BE0003414
DB09034,BE0005864;BE0005865
DB09035,BE0003436
DB09036,BE0000918
DB09037,BE0003436
DB09038,BE0004753
DB09039,BE0000477
DB09040,BE0000690
DB09041,BE0002395
DB09042,
DB09043,BE0000857
DB09045,BE0000857
DB09046,BE0003376
DB09047,BE0000366;BE0000429;BE0000742
DB09048,BE0000384
DB09049,BE0000770
DB09050,BE0003687;BE0004647
DB09051,
DB09052,BE0003496;BE0003456
DB09053,BE0001284
DB09054,BE0008633
DB09058,
DB09060,BE0003894;BE0002831;BE0004139;BE0002015;BE0002029;BE0004185;BE0008648;BE0008649;BE0008650;BE0008647
DB09061,
DB09063,BE0000359
DB09065,BE0008634
DB09067,
DB09068,BE0000749;BE0000311;BE0000650;BE0000797;BE0000291;BE0000172;BE0008636
DB09069,BE0004521
DB09071,BE0000515;BE0000327
DB09072,
DB09073,BE0002216;BE0002212
DB09074,BE0001717;BE0003798;BE0004049
DB09075,BE0000216
DB09076,BE0000092;BE0000560;BE0000045;BE0000405;BE0000247
DB09077,BE0008624
DB09078,BE0000029;BE0000369;BE0000023;BE0002131;BE0000748;BE0002133;BE0001203;BE0008625;BE0008626;BE0000453
DB09079,BE0000029;BE0000369;BE0000023;BE0008625;BE0008628;BE0002131;BE0000748;BE0002133;BE0000147;BE0000842;BE0004315;BE0000838
DB09080,BE0000694
DB09081,
DB09082,BE0000694
DB09083,
DB09084,
DB09085,
DB09086,
DB09087,
DB09089,
DB09090,
DB09091,
DB09092,
DB09093,
DB09094,
DB09095,
DB09096,
DB09097,
DB09099,
DB09100,
DB09101,BE0004855
DB09102,BE0008645
DB09103,
DB09104,
DB09105,BE0008652;BE0008653
DB09106,
DB09107,
DB09108,
DB09109,
DB09110,
DB09111,
DB09112,
DB09113,
DB09114,
DB09115,
DB09116,
DB09117,
DB09118,
DB09119,BE0005793
DB09120,
DB09122,
DB09123,
DB09124,
DB09125,
DB09126,
DB09127,
DB09128,BE0000291;BE0000756;BE0000451;BE0000342;BE0000575
DB09129,
DB09130,
DB09131,
DB09132,
DB09133,
DB09134,
DB09135,
DB09136,
DB09137,
DB09138,
DB09139,
DB09140,
DB09141,
DB09142,
DB09143,BE0004659
DB09144,
DB09145,
DB09146,
DB09147,
DB09148,
DB09149,
DB09150,
DB09151,
DB09152,
DB09153,
DB09154,
DB09155,
DB09156,
DB09157,
DB09158,
DB09159,
DB09160,
DB09161,
DB09162,
DB09163,
DB09164,
DB09165,
DB09166,
DB09167,
DB09183,
DB09185,
DB09194,
DB09195,
DB09197,
DB09198,
DB09204,
DB09205,
DB09208,
DB09209,
DB09210,
DB09211,
DB09212,
DB09213,
DB09214,
DB09215,
DB09216,
DB09218,
DB09219,
DB09220,
DB09221,
DB09222,
DB09223,
DB09224,
DB09225,
DB09227,
DB09228,
DB09229,
DB09230,
DB09231,
DB09232,
DB09235,
DB09236,
DB09237,
DB09238,
DB09242,BE0003580
DB09243,
DB09244,
DB09245,
DB09255,
DB09256,
DB09257,
DB09258,
DB09259,
DB09260,
DB09261,
DB09262,
DB09263,BE0004816
DB09264,
DB09265,
DB09266,
DB09267,
DB09268,
DB09269,
DB09272,BE0000770;BE0000420;BE0000632
DB09273,
DB09274,BE0008642
DB09275,
DB09276,
DB09277,
DB09278,
DB09279,
DB09281,
DB09282,
DB09283,
DB09284,
DB09285,
DB09286,
DB09287,
DB09288,
DB09289,
DB09290,
DB09291,BE0008644
DB09292,BE0000266
DB09293,
DB09295,
DB09296,
DB09297,
DB09299,
DB09300,
DB09301,
DB09302,BE0008643
DB09303,
DB09304,
DB09310,
DB09311,
DB09312,
DB09313,
DB09314,
DB09315,
DB09316,
DB09317,
DB09318,
DB09320,
DB09321,
DB09322,
DB09323,
DB09324,
DB09325,
DB09326,
DB09327,
DB09328,
DB09329,
DB09330,BE0000767
DB09331,BE0005459
DB09332,
DB09333,
DB09336,
DB09337,
DB09338,
DB09340,
DB09341,
DB09342,
DB09343,
DB09344,
DB09345,
DB09346,
DB09347,
DB09348,
DB09349,
DB09350,
DB09351,
DB09352,
DB09353,
DB09357,
DB09372,
DB09374,
DB09381,
DB09389,
DB09391,
DB09394,
DB09395,
DB09396,
DB09397,
DB09398,
DB09407,
DB09408,
DB09409,
DB09412,
DB09413,
DB09414,
DB09420,
DB09421,
DB09422,
DB09425,
DB09449,
DB09456,
DB09459,
DB09462,
DB09468,
DB09469,
DB09472,
DB09473,
DB09477,
DB09479,
DB09481,
DB09484,
DB09485,
DB09488,
DB09490,
DB09495,
DB09496,
DB09498,
DB09499,
DB09502,
DB09509,
DB09510,
DB09511,
DB09512,
DB09513,
DB09517,
DB09525,
DB09526,
DB09534,
DB09535,
DB09536,
DB09537,
DB09539,
DB09543,
DB09546,
DB09548,
DB09552,
DB09555,
DB09559,BE0000767
DB09560,
DB09562,
DB09563,
DB09564,
DB09567,
DB09568,
DB09570,
DB09571,
DB10997,
DB11058,
DB11062,
DB11064,
DB11092,
DB11095,
DB11104,
DB11122,
DB11166,
DB11194,
DB11228,
DB11245,
DB11280,
DB11294,
DB11320,
DB11330,
DB11362,BE0000475
DB11363,BE0000359
DB11364,
DB11365,
DB11367,
DB11491,
DB11558,
DB11560,
DB11563,
DB11569,
DB11574,
DB11575,
DB11581,BE0000246
DB11582,BE0004797;BE0000433;BE0003517
DB11588,
DB11590,
DB11591,BE0000442
DB11595,
DB11596,
DB11597,
DB11598,
DB11600,
DB11601,
DB11602,
DB11603,
DB11604,
DB11605,
DB11606,
DB11607,
DB11608,
DB11609,
DB11610,
