DB00001,Lepirudin,BE0000048
DB00002,Cetuximab,BE0000767;BE0000901;BE0002093;BE0002094;BE0002095;BE0002096;BE0002097;BE0001529;BE0000710;BE0002098;BE0002099;BE0002100
DB00003,Dornase alfa,BE0004796
DB00004,Denileukin diftitox,BE0000658;BE0000651;BE0002102
DB00005,Etanercept,BE0000704;BE0000949;BE0000710;BE0002097;BE0002098;BE0002099;BE0002100;BE0001087;BE0000901;BE0001529;BE0002093;BE0002094;BE0002095;BE0002096
DB00006,Bivalirudin,BE0000048
DB00007,Leuprolide,BE0000203
DB00008,Peginterferon alfa-2a,BE0000385;BE0000661
DB00009,Alteplase,BE0000211;BE0000538;BE0000717;BE0000240
DB00010,Sermorelin,BE0000625
DB00011,Interferon alfa-n1,BE0000385;BE0000661
DB00012,Darbepoetin alfa,BE0000654
DB00013,Urokinase,BE0000211;BE0000717;BE0000895;BE0001088;BE0000240;BE0000969;BE0002112;BE0000942;BE0001656;BE0002113
DB00014,Goserelin,BE0000134;BE0000203
DB00015,Reteplase,BE0000211;BE0000538;BE0000717;BE0000240
DB00016,Epoetin alfa,BE0000654
DB00017,Salmon Calcitonin,BE0000431
DB00018,Interferon alfa-n3,BE0000661;BE0000385
DB00019,Pegfilgrastim,BE0000793;BE0000394
DB00020,Sargramostim,BE0000628;BE0001036;BE0002115;BE0002116;BE0002114
DB00021,Secretin,BE0000318
DB00022,Peginterferon alfa-2b,BE0000661;BE0000385
DB00023,Asparaginase,BE0004798
DB00024,Thyrotropin Alfa,BE0000490
DB00025,Antihemophilic Factor,BE0000216;BE0000364;BE0001043;BE0002117;BE0002118;BE0001098;BE0002109;BE0001011;BE0002119;BE0002110;BE0002120
DB00026,Anakinra,BE0000565
DB00027,Gramicidin D,
DB00028,Intravenous Immunoglobulin,BE0000710;BE0004684;BE0002098;BE0002099;BE0002100;BE0002097;BE0000901;BE0003455;BE0004685;BE0004686;BE0000855
DB00029,Anistreplase,BE0000211;BE0000538;BE0000717;BE0000240
DB00030,Insulin Regular,BE0000033;BE0000858;BE0002123;BE0000941;BE0001183;BE0002124;BE0001123;BE0002125;BE0001147;BE0000942;BE0002126;BE0002127
DB00031,Tenecteplase,BE0000211;BE0000538;BE0000717;BE0000240;BE0000969;BE0002104;BE0002105;BE0001170;BE0002109;BE0001011;BE0002110
DB00032,Menotropins,BE0000387;BE0000134
DB00033,Interferon gamma-1b,BE0000711;BE0000467
DB00034,"Interferon Alfa-2a, Recombinant",BE0000661;BE0000385
DB00035,Desmopressin,BE0000293;BE0000165;BE0000773
DB00036,Coagulation factor VIIa,BE0000216;BE0002128;BE0000967;BE0000403;BE0000333;BE0001178
DB00038,Oprelvekin,BE0000416
DB00039,Palifermin,BE0000748;BE0002129;BE0002131;BE0001203;BE0002133;BE0001031
DB00040,Glucagon recombinant,BE0000527;BE0002134;BE0000857
DB00041,Aldesleukin,BE0000651;BE0000658;BE0002102
DB00042,Botulinum Toxin Type B,BE0002137;BE0002136;BE0002138
DB00043,Omalizumab,BE0000015;BE0002139
DB00044,Lutropin alfa,BE0000134
DB00045,OspA lipoprotein,BE0001164
DB00046,Insulin Lispro,BE0000033;BE0000858
DB00047,Insulin Glargine,BE0000033;BE0000858
DB00048,Collagenase,BE0000025;BE0002140;BE0002130;BE0002141
DB00049,Rasburicase,BE0004823
DB00050,Cetrorelix,BE0000203;BE0000134
DB00051,Adalimumab,BE0000704;BE0000901;BE0002093;BE0002094;BE0002095;BE0002096;BE0002097;BE0001529;BE0000710;BE0002098;BE0002099;BE0002100
DB00052,Somatropin recombinant,BE0000075;BE0000345
DB00053,Imiglucerase,BE0004806
DB00054,Abciximab,BE0001155;BE0000439;BE0000901;BE0002093;BE0002094;BE0002095;BE0002096;BE0002097;BE0001529;BE0000710;BE0002098;BE0002099;BE0002100;BE0001068
DB00055,Drotrecogin alfa,BE0000016;BE0000041;BE0000240;BE0001151;BE0000943;BE0001140;BE0000048;BE0001129;BE0002112;BE0002142;BE0000403;BE0001161
DB00056,Gemtuzumab ozogamicin,BE0000674;BE0000901;BE0002093;BE0002094;BE0002095;BE0002096;BE0002097;BE0001529;BE0000710;BE0002098;BE0002099;BE0002100
DB00057,Satumomab Pendetide,BE0004842
DB00058,Alpha-1-proteinase inhibitor,BE0000394
DB00059,Pegaspargase,BE0004798
DB00060,Interferon beta-1a,BE0000661;BE0000385
DB00061,Pegademase bovine,BE0004828;BE0000917
DB00062,Human Serum Albumin,BE0001119;BE0004795;BE0000932
DB00063,Eptifibatide,BE0001155
DB00064,Serum albumin iodonated,BE0001119;BE0004795;BE0000932
DB00065,Infliximab,BE0000704
DB00066,Follitropin beta,BE0000387
DB00067,Vasopressin,BE0000293;BE0000165;BE0000773
DB00068,Interferon beta-1b,BE0000661;BE0000385
DB00069,Interferon alfacon-1,BE0000661;BE0000385
DB00070,Hyaluronidase,BE0004821;BE0000984
DB00071,"Insulin, porcine",BE0000033;BE0000858;BE0001183;BE0002122;BE0004466;BE0002123;BE0000941;BE0001123;BE0002124;BE0002125;BE0001147;BE0000942;BE0002126;BE0002127
DB00072,Trastuzumab,BE0000511;BE0000767;BE0002093;BE0002094;BE0002095;BE0002096;BE0001529;BE0000710;BE0002098;BE0002099;BE0002100;BE0000901;BE0002097
DB00073,Rituximab,BE0000066;BE0000901;BE0002093;BE0002094;BE0002095;BE0002096;BE0002097;BE0001529;BE0000710;BE0002098;BE0002099;BE0002100
DB00074,Basiliximab,BE0000658;BE0000651;BE0000710;BE0002097;BE0002098;BE0002099;BE0002100;BE0000901;BE0001529;BE0002093;BE0002094;BE0002095;BE0002096
DB00075,Muromonab,BE0003456;BE0000274;BE0003457;BE0003458;BE0000901;BE0002093;BE0002094;BE0002095;BE0002096;BE0002097;BE0001529;BE0000710;BE0002098;BE0002099;BE0002100
DB00076,Digoxin Immune Fab (Ovine),BE0004837
DB00078,Ibritumomab,BE0000066;BE0000901;BE0002093;BE0002094;BE0002095;BE0002096;BE0002097;BE0001529;BE0000710;BE0002098;BE0002099;BE0002100
DB00080,Daptomycin,BE0004833;BE0004832
DB00081,Tositumomab,BE0000066;BE0000901;BE0002093;BE0002094;BE0002095;BE0002096;BE0002097;BE0000710;BE0002098;BE0002099;BE0002100
DB00082,Pegvisomant,BE0000075
DB00083,Botulinum Toxin Type A,BE0000390;BE0003572
DB00085,Pancrelipase,BE0004834;BE0004835;BE0004836
DB00086,Streptokinase,BE0000211;BE0000928
DB00087,Alemtuzumab,BE0000083;BE0000901;BE0002093;BE0002094;BE0002095;BE0002096;BE0002097;BE0000710;BE0002098;BE0002099;BE0002100
DB00088,Alglucerase,BE0004806
DB00089,Capromab,BE0000568
DB00090,Laronidase,BE0004822
DB00091,Cyclosporine,BE0000379;BE0002143;BE0001014;BE0001399
DB00092,Alefacept,BE0000719;BE0002093;BE0002094;BE0002095;BE0002096;BE0002097;BE0000710;BE0002098;BE0002099;BE0002100;BE0000901
DB00093,Felypressin,BE0000165
DB00094,Urofollitropin,BE0000387
DB00095,Efalizumab,BE0000516;BE0000901;BE0002093;BE0002094;BE0002095;BE0002096;BE0002097;BE0000710;BE0002098;BE0002099;BE0002100
DB00096,Serum albumin,
DB00097,Choriogonadotropin alfa,BE0000134;BE0000387
DB00098,Antithymocyte globulin,BE0000598;BE0003573;BE0000516;BE0000846;BE0002099;BE0003488;BE0003575;BE0003576;BE0001155
DB00099,Filgrastim,BE0000793;BE0000394
DB00100,Coagulation Factor IX,BE0000216;BE0001021;BE0000333;BE0000016;BE0000048;BE0002110;BE0000403
DB00102,Becaplermin,BE0000205;BE0000852;BE0000910
DB00103,Agalsidase beta,BE0004830
DB00104,Octreotide,BE0000452;BE0002147;BE0003528
DB00105,"Interferon Alfa-2b, Recombinant",BE0000385;BE0000661
DB00106,Abarelix,BE0000203
DB00107,Oxytocin,BE0000844;BE0000751
DB00108,Natalizumab,BE0000590;BE0000901;BE0002093;BE0002094;BE0002095;BE0002096;BE0002097;BE0000710;BE0002098;BE0002099;BE0002100;BE0001085
DB00109,Enfuvirtide,BE0000398
DB00110,Palivizumab,BE0000686;BE0000901;BE0002093;BE0002094;BE0002095;BE0002096;BE0002097;BE0000710;BE0002098;BE0002099;BE0002100
DB00111,Daclizumab,BE0000658;BE0000651;BE0000901;BE0002093;BE0002094;BE0002095;BE0002096;BE0002097;BE0000710;BE0002098;BE0002099;BE0002100
DB00112,Bevacizumab,BE0000163;BE0000901;BE0002093;BE0002094;BE0002095;BE0002096;BE0002097;BE0000710;BE0002098;BE0002099;BE0002100
DB00113,Arcitumomab,BE0000107
DB00115,Cyanocobalamin,BE0000734;BE0000777;BE0000763;BE0000320;BE0002175;BE0002176
DB00116,Tetrahydrofolic acid,BE0000617;BE0000268;BE0000010;BE0000933;BE0000734;BE0000822;BE0001240;BE0000331;BE0000292;BE0002176;BE0002154;BE0000331;BE0000331;BE0002176;BE0000292;BE0002177
DB00117,L-Histidine,BE0000002;BE0000740;BE0000285;BE0000086
DB00118,S-Adenosylmethionine,BE0000372;BE0000101;BE0000304;BE0000323;BE0000407;BE0002089
DB00119,Pyruvic acid,BE0000449;BE0000178;BE0000102;BE0000386;BE0000046;BE0000174;BE0000440;BE0000098;BE0000088;BE0000253;BE0000195;BE0000361;BE0000669;BE0000698
DB00120,L-Phenylalanine,BE0000692;BE0000789;BE0000038;BE0000753;BE0000028;BE0000561;BE0000614
DB00121,Biotin,BE0000544;BE0000159;BE0000094;BE0000072;BE0000702;BE0000445;BE0000698;BE0000492;BE0000626
DB00122,Choline,BE0000494;BE0000426;BE0000615;BE0002179;BE0002180;BE0002181;BE0002186
DB00123,L-Lysine,BE0000212;BE0000052;BE0000136;BE0000562;BE0000198
DB00125,L-Arginine,BE0000263;BE0000136;BE0000448;BE0000520;BE0000005;BE0000212;BE0000758;BE0000052;BE0000671
DB00126,Vitamin C,BE0004338;BE0001361;BE0004796;BE0001225;BE0002192;BE0002117;BE0002195;BE0002197;BE0000138;BE0002200;BE0000060;BE0002202;BE0002203;BE0002205;BE0002206;BE0002208;BE0002210;BE0002211;BE0002213;BE0002215;BE0002217;BE0000168;BE0000087;BE0002219;BE0002221;BE0002223
DB00127,Spermine,BE0000964;BE0000566;BE0004796;BE0000404
DB00128,L-Aspartic Acid,BE0003317;BE0003751;BE0000277;BE0000529;BE0000277;BE0000187;BE0000219;BE0000671;BE0000481;BE0000383;BE0000725;BE0000235;BE0000528;BE0002225;BE0002227;BE0002228;BE0001054;BE0002152;BE0000788;BE0002229;BE0002230;BE0002231;BE0002232
DB00129,L-Ornithine,BE0000424;BE0000306;BE0000286;BE0000371;BE0000562;BE0000258;BE0000052;BE0000212;BE0000758;BE0000201;BE0000136;BE0002233;BE0000347;BE0002234
DB00130,L-Glutamine,BE0000874;BE0000374;BE0002240
DB00131,Adenosine monophosphate,BE0000958;BE0004796;BE0001277;BE0000487;BE0000007;BE0000254;BE0001473;BE0001287;BE0000746;BE0000350;BE0000677;BE0000774;BE0000269;BE0000639;BE0002431;BE0003540
DB00132,Alpha-Linolenic Acid,BE0000888;BE0002246;BE0000986;BE0001023;BE0002247
DB00133,L-Serine,BE0000323;BE0000164;BE0000388;BE0000660;BE0000441;BE0000063;BE0000316
DB00134,L-Methionine,BE0000763;BE0000734;BE0001534;BE0000845;BE0002249
DB00135,L-Tyrosine,BE0000614;BE0000363;BE0000230;BE0000692
DB00136,Calcitriol,BE0000779
DB00137,Xanthophyll,
DB00138,L-Cystine,BE0000030;BE0000035;BE0002251;BE0001130
DB00139,Succinic acid,BE0002257;BE0002258;BE0002259;BE0002221;BE0002260;BE0002261;BE0000176;BE0000989;BE0000611;BE0000447;BE0000022;BE0000355;BE0002252;BE0002253;BE0002195;BE0002197;BE0000060;BE0002254;BE0000152;BE0002255;BE0002256;BE0000087;BE0000528;BE0002202;BE0002206;BE0002208
DB00140,Riboflavin,BE0000370;BE0003327;BE0000595
DB00141,N-Acetyl-D-glucosamine,BE0002262;BE0002263;BE0002264;BE0002265;BE0002266;BE0000391;BE0000109;BE0000259
DB00143,Glutathione,BE0002279;BE0001167;BE0002280;BE0002281;BE0002189;BE0002282;BE0002283;BE0000889;BE0001189;BE0002284;BE0001135;BE0002285;BE0002286;BE0001825;BE0002287;BE0002288;BE0002289;BE0002290;BE0002291;BE0002292;BE0000962;BE0001117;BE0000648;BE0000185;BE0000807;BE0000808;BE0000809;BE0000810;BE0000811;BE0000812;BE0000813;BE0000814;BE0000815;BE0000816;BE0000817;BE0000818;BE0000819;BE0000820;BE0000821
DB00144,Phosphatidylserine,BE0002296;BE0002297;BE0002299;BE0002300;BE0002301;BE0001001;BE0001132;BE0001099;BE0000673;BE0000189
DB00145,Glycine,BE0000518;BE0000409;BE0000898;BE0002302;BE0000998;BE0000760;BE0002303;BE0002304;BE0000185;BE0000454;BE0002154;BE0000331;BE0000331;BE0002305;BE0000536;BE0000292;BE0002306;BE0002307;BE0000102;BE0002308;BE0002309;BE0002310;BE0000534;BE0000618;BE0000940;BE0000433;BE0000316;BE0000055;BE0000331;BE0000414;BE0000745;BE0000372;BE0000292;BE0000347
DB00146,Calcidiol,BE0000779
DB00147,Pyridoxal,BE0000042
DB00148,Creatine,BE0000714;BE0000171;BE0000082;BE0000410;BE0000375;BE0000567
DB00149,L-Leucine,BE0000204;BE0000721;BE0000517;BE0000613;BE0000450;BE0000769
DB00150,L-Tryptophan,BE0002311;BE0001343;BE0000228
DB00151,L-Cysteine,BE0000606;BE0000166;BE0000153;BE0000529;BE0000791;BE0000323;BE0000701;BE0001145;BE0000185;BE0000963;BE0002312;BE0000079;BE0000151;BE0000569
DB00152,Thiamine,BE0000157;BE0003530
DB00153,Ergocalciferol,BE0000779
DB00154,Dihomo-Î³-linolenic acid,BE0000017;BE0000262
DB00155,L-Citrulline,BE0000671;BE0000608;BE0000788;BE0000766;BE0000306;BE0000067;BE0000005;BE0000263;BE0002313;BE0002314;BE0002315;BE0002316;BE0001092
DB00156,L-Threonine,BE0000482;BE0000234;BE0002317
DB00158,Folic Acid,BE0000271;BE0000652
DB00159,Icosapent,BE0000262;BE0000017;BE0000215;BE0001007;BE0000888;BE0000996;BE0001093;BE0000688;BE0000986;BE0001023
DB00160,L-Alanine,BE0000316;BE0000253;BE0000392;BE0002318;BE0002164;BE0002166;BE0000667;BE0000151;BE0000536;BE0000789;BE0000102;BE0000294;BE0000480
DB00161,L-Valine,BE0000544;BE0000517;BE0000223
DB00162,Vitamin A,BE0000726;BE0002319;BE0000583;BE0002320;BE0002321;BE0000032;BE0002322;BE0002323;BE0000900;BE0000301;BE0000570;BE0000593;BE0000255;BE0000513;BE0000554;BE0000786
DB00163,Vitamin E,BE0000956;BE0000872;BE0000248;BE0001132;BE0002324;BE0002325;BE0002326;BE0000076;BE0000339;BE0000256
DB00165,Pyridoxine,BE0000042
DB00166,Lipoic Acid,BE0000040;BE0002327;BE0000094
DB00167,L-Isoleucine,BE0002328;BE0000573;BE0000517;BE0000721;BE0000491
DB00168,Aspartame,BE0001023;BE0000395
DB00169,Cholecalciferol,BE0000779
DB00170,Menadione,BE0000403;BE0000713;BE0002329;BE0000048;BE0000333;BE0000364;BE0000216;BE0000380;BE0000943;BE0000547;BE0000220;BE0001184;BE0000724
DB00171,Adenosine triphosphate,BE0000435;BE0001032;BE0001168;BE0001069;BE0000119;BE0000350;BE0000359;BE0000202;BE0000677;BE0000434;BE0000459;BE0000639;BE0000261;BE0000750;BE0000469;BE0000428;BE0000341;BE0000310;BE0000746;BE0000665;BE0000264;BE0000703;BE0000219;BE0000437;BE0000599;BE0000207;BE0000671;BE0000139;BE0000018;BE0000675;BE0000772;BE0000014;BE0000269
DB00172,L-Proline,BE0002253;BE0002330;BE0002331;BE0002149;BE0000060;BE0002332;BE0001399;BE0002333;BE0001014;BE0002334;BE0002202;BE0002335;BE0002336;BE0002206;BE0002208;BE0004615;BE0002337;BE0000225;BE0000188;BE0000423;BE0000723;BE0000728
DB00173,Adenine,BE0000115;BE0002007;BE0000702;BE0003786;BE0002791;BE0002755;BE0002706;BE0004323;BE0002792;BE0004796;BE0001128;BE0001229
DB00174,L-Asparagine,BE0000236;BE0002230;BE0002338;BE0000285;BE0000219;BE0000607
DB00175,Pravastatin,BE0000574
DB00176,Fluvoxamine,BE0000749
DB00177,Valsartan,BE0000062
DB00178,Ramipril,BE0000221
DB00179,Masoprocol,BE0000248
DB00180,Flunisolide,BE0000794
DB00181,Baclofen,BE0000217;BE0002340
DB00182,Amphetamine,BE0000118;BE0000647;BE0000867;BE0001044;BE0000486;BE0004888;BE0004872;BE0000756;BE0002196;BE0000749
DB00183,Pentagastrin,BE0001158
DB00184,Nicotine,BE0000849;BE0002341;BE0000850;BE0000738;BE0003585;BE0003586;BE0003587;BE0002343;BE0000411;BE0003588;BE0003584;BE0002090;BE0000519
DB00185,Cevimeline,BE0000045;BE0000092
DB00186,Lorazepam,BE0004797;BE0000736
DB00187,Esmolol,BE0000172
DB00188,Bortezomib,BE0000470;BE0002347;BE0002348;BE0002349;BE0000463
DB00189,Ethchlorvynol,BE0004797
DB00190,Carbidopa,BE0002151
DB00191,Phentermine,BE0000486;BE0000749;BE0000647;BE0002198;BE0002196
DB00192,Indecainide,BE0000197
DB00193,Tramadol,BE0000770;BE0000486;BE0000749;BE0000533;BE0000632;BE0000420;BE0000641;BE0003438;BE0000045
DB00194,Vidarabine,BE0002350;BE0004796;BE0004499;BE0000458
DB00195,Betaxolol,BE0000172;BE0000694
DB00196,Fluconazole,BE0000233
DB00198,Oseltamivir,BE0000584;BE0002705;BE0000914;BE0003200
DB00199,Erythromycin,BE0004800;BE0002464;BE0002465
DB00200,Hydroxocobalamin,BE0000734;BE0000777;BE0000763;BE0000320;BE0000238;BE0000340;BE0000936;BE0000456;BE0002175
DB00201,Caffeine,BE0000013;BE0000924;BE0000487;BE0000739;BE0004922;BE0002385;BE0002406;BE0002379;BE0002407;BE0004914;BE0004874
DB00202,Succinylcholine,BE0000411;BE0003438;BE0000092;BE0000560;BE0000045
DB00203,Sildenafil,BE0000182;BE0003556;BE0003557
DB00204,Dofetilide,BE0000090;BE0000210;BE0001131
DB00205,Pyrimethamine,BE0000330;BE0000563
DB00206,Reserpine,BE0000118;BE0004674
DB00207,Azithromycin,BE0004800;BE0002465;BE0002464
DB00208,Ticlopidine,BE0000110
DB00209,Trospium,BE0000092
DB00210,Adapalene,BE0000144;BE0000206;BE0000707;BE0000078;BE0000663;BE0000412
DB00211,Midodrine,BE0000501;BE0000575;BE0000715
DB00212,Remikiren,BE0000270
DB00213,Pantoprazole,BE0000349
DB00214,Torasemide,BE0000502
DB00215,Citalopram,BE0000749;BE0000442;BE0000501;BE0000092
DB00216,Eletriptan,BE0000659;BE0000797;BE0000460;BE0000291;BE0000476;BE0000393;BE0000650
DB00217,Bethanidine,BE0004864;BE0000644;BE0004872
DB00218,Moxifloxacin,BE0000429;BE0000366;BE0000742
DB00219,Oxyphenonium,BE0000092
DB00220,Nelfinavir,BE0000664
DB00221,Isoetarine,BE0000172;BE0000694
DB00222,Glimepiride,BE0000708;BE0000644;BE0000207
DB00223,Diflorasone,BE0000794
DB00224,Indinavir,BE0004854
DB00225,Gadodiamide,
DB00226,Guanadrel,BE0000486
DB00227,Lovastatin,BE0000574;BE0000516;BE0002366
DB00228,Enflurane,BE0004797;BE0004857;BE0000415;BE0000781;BE0000218;BE0000640;BE0000484
DB00229,Cefotiam,BE0000576
DB00230,Pregabalin,BE0000356
DB00231,Temazepam,BE0000795;BE0000381;BE0000523;BE0000478;BE0000471;BE0000764;BE0002344;BE0002346;BE0002345;BE0003593;BE0003592;BE0003594;BE0003599;BE0003595;BE0003596;BE0000129;BE0003598;BE0003619;BE0003597;BE0000736;BE0004797
DB00232,Methyclothiazide,BE0000502;BE0000267;BE0000322;BE0000535
DB00233,Aminosalicylic Acid,BE0000262;BE0004655;BE0000248;BE0003768;BE0000054
DB00234,Reboxetine,BE0000486
DB00235,Milrinone,BE0000436
DB00236,Pipobroman,BE0004796
DB00237,Butabarbital,BE0004797;BE0000849;BE0002341;BE0000829;BE0000826
DB00238,Nevirapine,BE0004853
DB00239,Oxiconazole,BE0000233;BE0004668
DB00240,Alclometasone,BE0000794
DB00241,Butalbital,BE0000795;BE0000381;BE0000523;BE0000478;BE0000471;BE0000764;BE0000849;BE0002341;BE0000829;BE0000826;BE0004797
DB00242,Cladribine,BE0000325;BE0002450;BE0003613;BE0004796;BE0000546;BE0003614;BE0003615;BE0003617;BE0003616;BE0000250
DB00243,Ranolazine,BE0000197;BE0001143
DB00244,Mesalazine,BE0000262;BE0000017;BE0000248;BE0000215;BE0004655;BE0001154;BE0001075;BE0004429
DB00245,Benzatropine,BE0000092;BE0000647;BE0000442
DB00246,Ziprasidone,BE0000756;BE0000451;BE0000020;BE0000145;BE0000581;BE0000389;BE0000291;BE0000797;BE0000659;BE0000476;BE0000533;BE0000311;BE0000945;BE0000650;BE0000442;BE0000501;BE0000575;BE0000289;BE0000572;BE0000342;BE0000092;BE0000560;BE0000045;BE0000405;BE0000247
DB00247,Methysergide,BE0000393;BE0000533;BE0000451;BE0000291;BE0000650;BE0000797;BE0000460;BE0000476
DB00248,Cabergoline,BE0000756;BE0000393;BE0000581;BE0000451;BE0000572;BE0000659;BE0000389;BE0000289;BE0000291;BE0000342;BE0000145;BE0000020;BE0000797;BE0000533;BE0000650;BE0000501;BE0000575;BE0000715;BE0000172;BE0000694;BE0004889;BE0004916;BE0004915
DB00249,Idoxuridine,BE0004796;BE0000458
DB00250,Dapsone,BE0002087;BE0002086
DB00251,Terconazole,BE0000233
DB00252,Phenytoin,BE0000197;BE0000141
DB00253,Medrysone,BE0000794
DB00254,Doxycycline,BE0000127;BE0000019;BE0004799
DB00255,Diethylstilbestrol,BE0000123;BE0002088;BE0000792
DB00256,Lymecycline,BE0000127;BE0000019
DB00257,Clotrimazole,BE0000233;BE0000415
DB00258,Calcium Acetate,BE0004815
DB00259,Sulfanilamide,BE0000803
DB00260,Cycloserine,BE0000733;BE0000806
DB00261,Anagrelide,BE0000436
DB00262,Carmustine,BE0004796;BE0000648;BE0004810
DB00263,Sulfisoxazole,BE0000803
DB00264,Metoprolol,BE0000172;BE0000694
DB00265,Crotamiton,
DB00266,Dicoumarol,BE0000713;BE0001184;BE0001185
DB00267,Cefmenoxime,BE0000576;BE0002393
DB00268,Ropinirole,BE0000581;BE0000756;BE0000389;BE0000291;BE0000659;BE0000393;BE0000020;BE0000145;BE0000797;BE0000451;BE0000533;BE0000289;BE0000572;BE0000342
DB00270,Isradipine,BE0000430;BE0000691;BE0002354;BE0000864;BE0002396;BE0002359;BE0002355
DB00271,Diatrizoate,
DB00272,Betazole,BE0000112
DB00273,Topiramate,BE0000795;BE0000141;BE0000346;BE0000322;BE0000535;BE0004797
DB00274,Cefmetazole,BE0003577;BE0000588;BE0000488;BE0002393;BE0002063;BE0003685
DB00275,Olmesartan,BE0000062
DB00276,Amsacrine,BE0004796;BE0000742;BE0000090
DB00277,Theophylline,BE0000013;BE0000924;BE0000241;BE0000487;BE0000182;BE0001133;BE0000436;BE0002366
DB00278,Argatroban,BE0000048
DB00279,Liothyronine,BE0000687;BE0000315
DB00280,Disopyramide,BE0000197;BE0000092;BE0000560;BE0000045;BE0003603;BE0003604
DB00281,Lidocaine,BE0000177;BE0001143;BE0000197;BE0000767
DB00282,Pamidronate,BE0000776;BE0004801
DB00283,Clemastine,BE0000442
DB00284,Acarbose,BE0000837;BE0002639;BE0000876;BE0001176
DB00285,Venlafaxine,BE0000749;BE0000486;BE0000647
DB00286,Conjugated Estrogens,BE0000123
DB00287,Travoprost,BE0000610
DB00288,Amcinonide,BE0000794;BE0000422
DB00289,Atomoxetine,BE0000486;BE0000749;BE0000647;BE0004956
DB00290,Bleomycin,BE0000199;BE0004796;BE0000167
DB00291,Chlorambucil,BE0004796
DB00292,Etomidate,BE0000795;BE0000572;BE0004797
DB00293,Raltitrexed,BE0000324;BE0000700
DB00294,Etonogestrel,BE0000557;BE0000123
DB00295,Morphine,BE0000770;BE0000632;BE0000420
DB00296,Ropivacaine,BE0000177
DB00297,Bupivacaine,BE0000177;BE0000064
DB00298,Dapiprazole,BE0000501;BE0000715;BE0000575
DB00299,Penciclovir,BE0000308;BE0000514
DB00300,Tenofovir,BE0004853
DB00301,Flucloxacillin,BE0000576
DB00302,Tranexamic Acid,BE0000211
DB00303,Ertapenem,BE0000103;BE0003579;BE0000001;BE0002393;BE0000744;BE0000588;BE0000488;BE0003685
DB00304,Desogestrel,BE0000557;BE0000123
DB00305,Mitomycin,BE0004796
DB00306,Talbutal,BE0000795;BE0000381;BE0000523;BE0000478;BE0000471;BE0000764;BE0000849;BE0002341;BE0000829;BE0000826;BE0004797
DB00307,Bexarotene,BE0000412;BE0000078;BE0000707
DB00308,Ibutilide,BE0000430;BE0000303;BE0000090;BE0000691;BE0000679;BE0000154;BE0000680;BE0000462;BE0000699;BE0000708
DB00309,Vindesine,BE0000026
DB00310,Chlorthalidone,BE0000502
DB00312,Pentobarbital,BE0000795;BE0000381;BE0000523;BE0000478;BE0000471;BE0000764;BE0000849;BE0002341;BE0000829;BE0000826;BE0004797;BE0004956
DB00313,Valproic Acid,BE0000881;BE0000253;BE0000573;BE0000162;BE0000152;BE0004901;BE0002366
DB00314,Capreomycin,BE0004846
DB00315,Zolmitriptan,BE0000797;BE0000659;BE0000460;BE0000291
DB00316,Acetaminophen,BE0000262;BE0000017;BE0004892
DB00317,Gefitinib,BE0000767
DB00318,Codeine,BE0000770;BE0000632;BE0000420
DB00319,Piperacillin,BE0004643;BE0003624;BE0004644;BE0004335
DB00320,Dihydroergotamine,BE0000659;BE0000797;BE0000289;BE0000393
DB00321,Amitriptyline,BE0000486;BE0000749;BE0000451;BE0000291;BE0000420;BE0000632;BE0001039;BE0003605;BE0000501;BE0000715;BE0000289;BE0000442;BE0000092;BE0000560;BE0000045;BE0000405;BE0000247;BE0000897;BE0000781;BE0003603;BE0003604;BE0000112;BE0000146;BE0000156;BE0000533;BE0000575;BE0000650;BE0000659;BE0000770;BE0000797;BE0000945;BE0002398;BE0004872
DB00322,Floxuridine,BE0000324
DB00323,Tolcapone,BE0002089
DB00324,Fluorometholone,BE0000794
DB00325,Nitroprusside,BE0000556
DB00326,Calcium Gluceptate,
DB00327,Hydromorphone,BE0000770;BE0000420;BE0000632
DB00328,Indomethacin,BE0000017;BE0000262;BE0001640;BE0003560;BE0000215;BE0000962;BE0003561;BE0000071
DB00330,Ethambutol,BE0000591;BE0000122;BE0000034
DB00331,Metformin,BE0000254
DB00332,Ipratropium bromide,BE0000092;BE0000560;BE0000045
DB00333,Methadone,BE0000770;BE0000641;BE0000411;BE0000420;BE0000311
DB00334,Olanzapine,BE0000451;BE0000756;BE0000020;BE0000145;BE0000581;BE0000389;BE0000291;BE0000797;BE0000659;BE0000476;BE0000533;BE0000311;BE0000945;BE0000650;BE0000442;BE0000501;BE0000575;BE0000289;BE0000572;BE0000342;BE0000092;BE0000560;BE0000045;BE0000405;BE0000247;BE0000393;BE0004688;BE0004889;BE0000112;BE0000146;BE0004797;BE0004872;BE0004915;BE0004916
DB00335,Atenolol,BE0000172;BE0000694
DB00336,Nitrofural,BE0000768;BE0000298;BE0000056;BE0000805
DB00337,Pimecrolimus,BE0002386;BE0000695
DB00338,Omeprazole,BE0000349
DB00339,Pyrazinamide,BE0004848
DB00340,Metixene,BE0000092;BE0000405;BE0000247;BE0000560;BE0000045
DB00341,Cetirizine,BE0000442
DB00343,Diltiazem,BE0000679
DB00344,Protriptyline,BE0000486;BE0000749
DB00345,Aminohippurate,
DB00346,Alfuzosin,BE0000501;BE0000575;BE0000715;BE0000090
DB00347,Trimethadione,BE0000483
DB00348,Nitisinone,BE0000455
DB00349,Clobazam,BE0004797
DB00350,Minoxidil,BE0000644;BE0000017
DB00351,Megestrol acetate,BE0000557;BE0000794
DB00352,Tioguanine,BE0004796
DB00353,Methylergometrine,BE0000020
DB00354,Buclizine,BE0000442;BE0000092
DB00355,Aztreonam,BE0000790;BE0001444
DB00356,Chlorzoxazone,BE0000553
DB00357,Aminoglutethimide,BE0002090;BE0003537
DB00358,Mefloquine,BE0004805;BE0000130;BE0000924
DB00359,Sulfadiazine,BE0002360
DB00360,Tetrahydrobiopterin,BE0000263;BE0000753;BE0000614;BE0000121
DB00361,Vinorelbine,BE0000143
DB00362,Anidulafungin,BE0004669
DB00363,Clozapine,BE0000756;BE0000451;BE0000020;BE0000581;BE0000389;BE0000291;BE0000797;BE0000659;BE0000476;BE0000533;BE0000311;BE0000945;BE0000650;BE0000442;BE0000146;BE0000501;BE0000575;BE0000289;BE0000572;BE0000342;BE0000092;BE0000560;BE0000045;BE0000405;BE0000247;BE0000666
DB00364,Sucralfate,BE0004791;BE0001015;BE0000953;BE0000538;BE0002091;BE0002092
DB00366,Doxylamine,BE0000442;BE0000092
DB00367,Levonorgestrel,BE0000557;BE0000539;BE0000123;BE0000132
DB00368,Norepinephrine,BE0000501;BE0000575;BE0000715;BE0000289;BE0000572;BE0000342;BE0000172;BE0000694;BE0001012;BE0000753;BE0000118;BE0004674
DB00369,Cidofovir,BE0000343
DB00370,Mirtazapine,BE0000451;BE0000311;BE0000289;BE0000533;BE0000632;BE0000442;BE0000342;BE0000650;BE0004863;BE0000756;BE0000581;BE0000486;BE0000749;BE0000647;BE0000393;BE0004889;BE0000968;BE0000501;BE0000172;BE0000694
DB00371,Meprobamate,BE0000795;BE0000381;BE0000523;BE0000478;BE0000471;BE0000764;BE0004797
DB00373,Timolol,BE0000172;BE0000694;BE0001248
DB00374,Treprostinil,BE0000475;BE0001007;BE0000110
DB00375,Colestipol,BE0004809
DB00376,Trihexyphenidyl,BE0000092;BE0000560;BE0000045;BE0000405;BE0000247
DB00377,Palonosetron,BE0000311
DB00378,Dydrogesterone,BE0000557
DB00379,Mexiletine,BE0000197;BE0003721
DB00380,Dexrazoxane,BE0000742;BE0002425
DB00381,Amlodipine,BE0000430;BE0000691;BE0002354;BE0002359;BE0002355;BE0002226;BE0003563;BE0003564;BE0000267;BE0000973
DB00383,Oxyphencyclimine,BE0000045;BE0000092;BE0000560
DB00384,Triamterene,BE0000497;BE0000190;BE0000024;BE0000495
DB00385,Valrubicin,BE0004796;BE0000742
DB00387,Procyclidine,BE0000092;BE0000560;BE0000405;BE0000045
DB00388,Phenylephrine,BE0000501;BE0000575;BE0000715
DB00389,Carbimazole,BE0000507
DB00390,Digoxin,BE0000732
DB00391,Sulpiride,BE0000756;BE0000581
DB00392,Ethopropazine,BE0000092;BE0000641;BE0000560
DB00393,Nimodipine,BE0000430;BE0002359;BE0002357;BE0002355;BE0000303;BE0002354;BE0002358;BE0002356;BE0000668;BE0003721
DB00394,Beclomethasone,BE0000794
DB00395,Carisoprodol,
DB00396,Progesterone,BE0000557;BE0000123;BE0000668;BE0000344;BE0000632
DB00397,Phenylpropanolamine,BE0000501;BE0000289;BE0000020;BE0000172;BE0000694
DB00398,Sorafenib,BE0000634;BE0000036;BE0000023;BE0000369;BE0000147;BE0000205;BE0000453;BE0002131;BE0002411;BE0000029
DB00399,Zoledronate,BE0000776;BE0003570;BE0004801
DB00400,Griseofulvin,BE0000283;BE0000646;BE0004660
DB00401,Nisoldipine,BE0000430;BE0000691;BE0002354;BE0002359;BE0002355
DB00402,Eszopiclone,BE0000795;BE0000381;BE0000523;BE0000471;BE0000736;BE0004797
DB00403,Ceruletide,BE0000402
DB00404,Alprazolam,BE0004797
DB00405,Dexbrompheniramine,BE0000442
DB00406,Gentian Violet,BE0004796
DB00407,Ardeparin,BE0000280;BE0000775
DB00408,Loxapine,BE0000756;BE0000020;BE0000451;BE0000533;BE0000291;BE0000797;BE0000659;BE0000476;BE0000311;BE0004688;BE0000945;BE0000650;BE0000501;BE0000575;BE0000289;BE0000572;BE0000342;BE0000172;BE0000092;BE0000560;BE0000045;BE0000405;BE0000247;BE0004889;BE0000581;BE0000389;BE0000145;BE0000442;BE0000112;BE0000146;BE0000749;BE0000486;BE0000647
DB00409,Remoxipride,BE0000756;BE0000389;BE0000581;BE0000451;BE0000156
DB00410,Mupirocin,BE0000804
DB00411,Carbachol,BE0000092;BE0000560;BE0000738
DB00412,Rosiglitazone,BE0000215;BE0000996
DB00413,Pramipexole,BE0000581;BE0000756;BE0000389;BE0000572;BE0000291;BE0000659;BE0000289;BE0000797;BE0000451;BE0000393;BE0000533;BE0000342;BE0000020;BE0000145
DB00415,Ampicillin,BE0004644;BE0004335;BE0004643;BE0004290;BE0003624
DB00417,Penicillin V,BE0000576;BE0003618;BE0000744;BE0001304
DB00418,Secobarbital,BE0000795;BE0000381;BE0000523;BE0000478;BE0000471;BE0000764;BE0000849;BE0002341;BE0000829;BE0000826;BE0004956
DB00419,Miglustat,BE0000477
DB00420,Promazine,BE0000756;BE0000451;BE0000533;BE0000020;BE0000389;BE0000405;BE0000560;BE0000045;BE0000092;BE0000575;BE0000247;BE0000501;BE0000442;BE0000715
DB00421,Spironolactone,BE0000668;BE0000132;BE0000557;BE0000794;BE0003542;BE0004886;BE0004885;BE0004887;BE0000685;BE0004902;BE0004911
DB00422,Methylphenidate,BE0000647;BE0000486;BE0000749
DB00423,Methocarbamol,BE0000267
DB00424,Hyoscyamine,BE0000092;BE0000560;BE0000045;BE0000405
DB00425,Zolpidem,BE0000795;BE0000381;BE0000523
DB00426,Famciclovir,BE0000308;BE0000633
DB00427,Triprolidine,BE0000442
DB00428,Streptozocin,BE0004796;BE0001045;BE0004258
DB00429,Carboprost Tromethamine,BE0000064
DB00430,Cefpiramide,BE0002393;BE0000488;BE0003686;BE0003687;BE0003685;BE0000588;BE0003577
DB00431,Lindane,BE0002344;BE0000433;BE0000745;BE0000414;BE0000055
DB00432,Trifluridine,BE0000324;BE0004796
DB00433,Prochlorperazine,BE0000756
DB00434,Cyproheptadine,BE0000442;BE0000451;BE0000533;BE0000092;BE0000560;BE0000045
DB00435,Nitric Oxide,BE0003578
DB00436,Bendroflumethiazide,BE0000419;BE0000553;BE0000267;BE0000322;BE0000535
DB00437,Allopurinol,BE0002204
DB00438,Ceftazidime,BE0002393;BE0004643;BE0000588;BE0004290;BE0000488;BE0003687;BE0004648;BE0003579;BE0004649
DB00440,Trimethoprim,BE0000324;BE0000330
DB00441,Gemcitabine,BE0004796;BE0000325;BE0000324;BE0000637
DB00442,Entecavir,BE0004796
DB00443,Betamethasone,BE0000794
DB00444,Teniposide,BE0000742
DB00445,Epirubicin,BE0000531;BE0000742;BE0004796
DB00446,Chloramphenicol,BE0004650;BE0001544;BE0000929
DB00448,Lansoprazole,BE0000349
DB00449,Dipivefrin,BE0000501;BE0000289;BE0000694;BE0002180;BE0000426
DB00450,Droperidol,BE0000756;BE0000501
DB00451,Levothyroxine,BE0000687;BE0000315
DB00452,Framycetin,BE0004799;BE0000279;BE0000919
DB00453,Clomocycline,BE0000019;BE0000127;BE0004799
DB00454,Pethidine,BE0000632;BE0000365;BE0000417;BE0000760;BE0000454;BE0000396;BE0004890;BE0000770;BE0000647;BE0000486;BE0000749
DB00455,Loratadine,BE0000442
DB00456,Cefalotin,BE0001349;BE0004290;BE0004335;BE0004643;BE0004644;BE0003624;BE0000576;BE0001358
DB00457,Prazosin,BE0000501;BE0000575;BE0000715;BE0000090;BE0000462;BE0000699;BE0000289;BE0000572
DB00458,Imipramine,BE0000486;BE0000749;BE0000451;BE0000442;BE0000501;BE0000715;BE0000092;BE0000560;BE0000045;BE0000405;BE0000247;BE0003603;BE0003604;BE0003930;BE0000533;BE0000575;BE0000650;BE0004889;BE0000756;BE0000090;BE0000647;BE0000291;BE0000945
DB00459,Acitretin,BE0000412;BE0000663;BE0000206;BE0000144;BE0000078;BE0000707;BE0000301
DB00460,Verteporfin,
DB00461,Nabumetone,BE0000262;BE0000017
DB00462,Methylscopolamine bromide,BE0000092;BE0000560;BE0000045
DB00464,Sodium Tetradecyl Sulfate,BE0000380;BE0000943
DB00465,Ketorolac,BE0000262;BE0000017
DB00467,Enoxacin,BE0000366;BE0000429;BE0000742
DB00468,Quinine,BE0004805;BE0000866;BE0000415
DB00469,Tenoxicam,BE0000262;BE0000017
DB00470,Dronabinol,BE0000061;BE0000095
DB00471,Montelukast,BE0000705;BE0000248
DB00472,Fluoxetine,BE0000749
DB00473,Hexylcaine,BE0000197;BE0000177
DB00474,Methohexital,BE0000795
DB00475,Chlordiazepoxide,BE0004797
DB00476,Duloxetine,BE0000749;BE0000486;BE0000647
DB00477,Chlorpromazine,BE0000756;BE0000020;BE0000451;BE0000291;BE0000501;BE0000575;BE0000442;BE0000090;BE0004889;BE0000581;BE0000389;BE0000145;BE0000533;BE0004881;BE0004863;BE0004864;BE0000092;BE0000045;BE0000973;BE0000418;BE0004879;BE0000945;BE0000650;BE0000146
DB00478,Rimantadine,BE0000630
DB00479,Amikacin,BE0000279;BE0004799
DB00480,Lenalidomide,BE0004755;BE0003517;BE0003403;BE0000262
DB00481,Raloxifene,BE0000123;BE0000792
DB00482,Celecoxib,BE0000262;BE0001193
DB00483,Gallamine Triethiodide,BE0000560;BE0000426;BE0000738
DB00484,Brimonidine,BE0000289;BE0000572;BE0000342
DB00485,Dicloxacillin,BE0004645;BE0004646;BE0004335;BE0004644;BE0004643;BE0004290;BE0003624
DB00486,Nabilone,BE0000095;BE0000061
DB00487,Pefloxacin,BE0000429;BE0000366;BE0000742;BE0004950
DB00488,Altretamine,BE0004796
DB00489,Sotalol,BE0000090;BE0000172;BE0000694
DB00490,Buspirone,BE0000291;BE0000756
DB00491,Miglitol,BE0000837;BE0000876;BE0004698;BE0004699
DB00492,Fosinopril,BE0000221
DB00493,Cefotaxime,BE0004335;BE0004644;BE0000790;BE0004290;BE0003624
DB00494,Entacapone,BE0002089
DB00495,Zidovudine,BE0004853;BE0002449
DB00496,Darifenacin,BE0000045;BE0000092;BE0000560;BE0000405;BE0000247
DB00497,Oxycodone,BE0000770;BE0000632;BE0000420;BE0004899;BE0004879
DB00498,Phenindione,BE0000713
DB00499,Flutamide,BE0000132;BE0003721
DB00500,Tolmetin,BE0000262;BE0000017
DB00501,Cimetidine,BE0000112
DB00502,Haloperidol,BE0000756;BE0000020;BE0000417;BE0000451;BE0000581
DB00503,Ritonavir,BE0004854
DB00504,Levallorphan,BE0000770
DB00507,Nitazoxanide,BE0002674
DB00508,Triflupromazine,BE0000020;BE0000756;BE0000393;BE0000092;BE0000560
DB00509,Dextrothyroxine,BE0000687;BE0000315;BE0000507
DB00511,Acetyldigitoxin,BE0000732
DB00512,Vancomycin,BE0004826;BE0002817
DB00513,Aminocaproic Acid,BE0000211;BE0001088;BE0001283
DB00514,Dextromethorphan,BE0000156;BE0000290;BE0000641;BE0000738;BE0000749;BE0004896;BE0003585;BE0000849;BE0003584;BE0000850;BE0002341;BE0000770;BE0000420;BE0000632;BE0004904;BE0000486
DB00515,Cisplatin,BE0004796
DB00516,Bentoquatam,
DB00517,Anisotropine Methylbromide,BE0000092;BE0000560;BE0000045
DB00518,Albendazole,BE0004789;BE0001340;BE0001367;BE0001487
DB00519,Trandolapril,BE0000221
DB00520,Caspofungin,BE0004669
DB00521,Carteolol,BE0000694;BE0000172
DB00523,Alitretinoin,BE0000663;BE0000412;BE0000206;BE0000078;BE0000144;BE0000707
DB00524,Metolazone,BE0000419
DB00525,Tolnaftate,BE0004670
DB00526,Oxaliplatin,BE0004796
DB00527,Cinchocaine,BE0000177;BE0000197;BE0000418
DB00528,Lercanidipine,BE0000679
DB00529,Foscarnet,BE0000343;BE0000308
DB00530,Erlotinib,BE0000767;BE0000956
DB00531,Cyclophosphamide,BE0004796
DB00534,Chlormerodrin,BE0000502;BE0000152
DB00535,Cefdinir,BE0003621;BE0003622;BE0001075
DB00536,Guanidine,BE0001754;BE0000567;BE0003317;BE0004796;BE0004524;BE0001248;BE0000133;BE0002994
DB00537,Ciprofloxacin,BE0000429;BE0000366;BE0000742
DB00538,Gadoversetamide,
DB00539,Toremifene,BE0000123
DB00540,Nortriptyline,BE0000486;BE0000749;BE0000451;BE0000291;BE0000442;BE0000501;BE0000715;BE0000092;BE0000560;BE0000045;BE0000405;BE0000247;BE0000533;BE0000945;BE0000575;BE0004864;BE0004872;BE0000756;BE0004897;BE0004882
DB00541,Vincristine,BE0000143;BE0001391
DB00542,Benazepril,BE0000221
DB00543,Amoxapine,BE0000486;BE0000749;BE0000756;BE0000020;BE0000289;BE0000501;BE0000092;BE0000795;BE0000451;BE0000533;BE0000945;BE0000650;BE0000581;BE0000389;BE0000442;BE0004863;BE0004890;BE0000393;BE0000311;BE0000291;BE0000797;BE0004864;BE0000146;BE0004797;BE0000647
DB00544,Fluorouracil,BE0000324;BE0004796;BE0004810
DB00545,Pyridostigmine,BE0000426;BE0002180
DB00546,Adinazolam,BE0000795;BE0000381;BE0000523;BE0000471;BE0003593;BE0003592;BE0003594;BE0002344;BE0002346;BE0002345;BE0003599;BE0003595;BE0003596;BE0000129;BE0003598;BE0003619
DB00547,Desoximetasone,BE0000794
DB00548,Azelaic Acid,BE0000474;BE0003610;BE0000585;BE0000252;BE0000498
DB00549,Zafirlukast,BE0000705
DB00550,Propylthiouracil,BE0000507
DB00551,Acetohydroxamic Acid,BE0000334;BE0001198
DB00552,Pentostatin,BE0002214
DB00553,Methoxsalen,BE0004796
DB00554,Piroxicam,BE0000262;BE0000017
DB00555,Lamotrigine,BE0002081
DB00556,Perflutren,
DB00557,Hydroxyzine,BE0000442
DB00558,Zanamivir,BE0000057;BE0003527;BE0003200
DB00559,Bosentan,BE0000521;BE0000043
DB00560,Tigecycline,BE0004799;BE0000127;BE0000279;BE0003709;BE0003708;BE0003710
DB00561,Doxapram,BE0003582;BE0003583
DB00562,Benzthiazide,BE0000419;BE0000267;BE0000322;BE0000535;BE0002437;BE0001653
DB00563,Methotrexate,BE0000330
DB00564,Carbamazepine,BE0000197
DB00565,Cisatracurium Besylate,BE0000738
DB00566,Succimer,BE0004808;BE0004814;BE0004802;BE0004813
DB00567,Cephalexin,BE0004643;BE0004644;BE0004335;BE0003624;BE0004290
DB00568,Cinnarizine,BE0000442;BE0000430;BE0002359;BE0002357;BE0002355;BE0000483;BE0000864;BE0000012;BE0000756;BE0004889;BE0004890
DB00569,Fondaparinux sodium,BE0000280;BE0000216
DB00570,Vinblastine,BE0001340;BE0000143;BE0003711;BE0003713;BE0003712;BE0001040
DB00571,Propranolol,BE0000172;BE0000694;BE0001012;BE0000291;BE0000797
DB00572,Atropine,BE0000092;BE0000560;BE0000045;BE0000405;BE0000247
DB00573,Fenoprofen,BE0000262;BE0000017
DB00575,Clonidine,BE0000289;BE0000572;BE0000342;BE0000501;BE0000575;BE0000715
DB00576,Sulfamethizole,BE0000803
DB00577,Valaciclovir,BE0000308;BE0000458
DB00578,Carbenicillin,BE0004840
DB00579,Mazindol,BE0000486;BE0000647;BE0000749
DB00581,Lactulose,BE0000116
DB00582,Voriconazole,BE0000233
DB00583,L-Carnitine,BE0000757;BE0000106;BE0000496;BE0000097;BE0000579;BE0000373;BE0000179;BE0000406;BE0002204;BE0002705;BE0001075
DB00584,Enalapril,BE0000221
DB00585,Nizatidine,BE0000112
DB00586,Diclofenac,BE0000262;BE0000017;BE0000248;BE0002083;BE0000353;BE0000897;BE0002398;BE0001640
DB00587,Cinalukast,BE0000705
DB00588,Fluticasone Propionate,BE0000794;BE0000557;BE0000657;BE0000668
DB00589,Lisuride,BE0000756;BE0000581;BE0000389;BE0000020;BE0000145;BE0000291;BE0000659;BE0000393;BE0000451;BE0000533;BE0000797;BE0000289;BE0000572;BE0000342
DB00590,Doxazosin,BE0000501;BE0000575;BE0000715;BE0000090;BE0000462;BE0000699
DB00591,Fluocinolone Acetonide,BE0000794
DB00592,Piperazine,BE0002345
DB00593,Ethosuximide,BE0000483
DB00594,Amiloride,BE0000190;BE0000024;BE0000497;BE0000495;BE0000351;BE0000678;BE0000353;BE0000752;BE0000895
DB00595,Oxytetracycline,BE0000127;BE0000019;BE0004799
DB00596,Halobetasol Propionate,BE0000794
DB00597,Gadoteridol,
DB00598,Labetalol,BE0000172;BE0000694;BE0004863
DB00599,Thiopental,BE0000795;BE0000381;BE0000523;BE0000478;BE0000471;BE0000764;BE0000849;BE0002341;BE0000829;BE0000826;BE0002194
DB00600,Monobenzone,BE0000252
DB00601,Linezolid,BE0004800
DB00602,Ivermectin,BE0000414;BE0002345
DB00603,Medroxyprogesterone Acetate,BE0000557;BE0000123
DB00604,Cisapride,BE0000084;BE0000311;BE0000451;BE0000090
DB00605,Sulindac,BE0000262;BE0000017;BE0000747;BE0001062;BE0001007;BE0003561
DB00606,Cyclothiazide,BE0000229;BE0000267;BE0000322;BE0000535
DB00607,Nafcillin,BE0004335;BE0003624;BE0004644;BE0004643;BE0004290
DB00608,Chloroquine,BE0004805;BE0002189;BE0000704;BE0001171;BE0002659
DB00609,Ethionamide,BE0000332;BE0000466
DB00610,Metaraminol,BE0000501
DB00611,Butorphanol,BE0000632;BE0000420;BE0000770
DB00612,Bisoprolol,BE0000172;BE0000694
DB00613,Amodiaquine,BE0004805;BE0002436
DB00614,Furazolidone,BE0004796
DB00615,Rifabutin,BE0000461;BE0000257;BE0003707;BE0001120;BE0001165
DB00616,Candoxatril,BE0000266;BE0000221
DB00617,Paramethadione,BE0000012
DB00618,Demeclocycline,BE0000127;BE0000019
DB00619,Imatinib,BE0003600;BE0000453;BE0001104;BE0001039;BE0000853;BE0000852;BE0001124;BE0000014;BE0000205
DB00620,Triamcinolone,BE0000794
DB00621,Oxandrolone,BE0000132
DB00622,Nicardipine,BE0000430;BE0002354;BE0002359;BE0000691;BE0003565;BE0003323;BE0000501;BE0000575;BE0000715;BE0000092;BE0000560;BE0000045;BE0000405;BE0000247;BE0000418
DB00623,Fluphenazine,BE0000756;BE0000020;BE0000418
DB00624,Testosterone,BE0000132
DB00625,Efavirenz,BE0004853
DB00626,Bacitracin,BE0004829;BE0001183;BE0000910
DB00627,Niacin,BE0000836;BE0000635;BE0000526;BE0000783
DB00628,Clorazepate,BE0004797;BE0000736
DB00629,Guanabenz,BE0000289;BE0000572
DB00630,Alendronate,BE0000776;BE0004801;BE0000980;BE0003567;BE0003568;BE0003569
DB00631,Clofarabine,BE0000546;BE0000325;BE0004796
DB00632,Docosanol,BE0000594;BE0000712
DB00633,Dexmedetomidine,BE0000289
DB00634,Sulfacetamide,BE0000803;BE0004657;BE0004658
DB00635,Prednisone,BE0000794;BE0000329
DB00636,Clofibrate,BE0000071
DB00637,Astemizole,BE0000442;BE0000090
DB00638,Inulin,BE0002352
DB00639,Butoconazole,BE0004803
DB00640,Adenosine,BE0000924;BE0000241;BE0000354;BE0000013
DB00641,Simvastatin,BE0000574;BE0001041
DB00642,Pemetrexed,BE0000324;BE0001240;BE0000330;BE0000882
DB00643,Mebendazole,BE0001340;BE0001367
DB00644,Gonadorelin,BE0000203;BE0000472
DB00645,Dyclonine,BE0000177
DB00646,Nystatin,BE0004803
DB00647,Dextropropoxyphene,BE0000770;BE0000420;BE0000632
DB00648,Mitotane,BE0000731;BE0000242
DB00649,Stavudine,BE0004853
DB00650,Leucovorin,BE0000324
DB00651,Dyphylline,BE0000487;BE0001133;BE0002353;BE0001287;BE0000013;BE0000924;BE0000706;BE0000627
DB00652,Pentazocine,BE0000770;BE0000632;BE0000156
DB00653,Magnesium Sulfate,BE0000679;BE0000691;BE0000430;BE0000303;BE0002354;BE0002355
DB00654,Latanoprost,BE0000610
DB00655,Estrone,BE0000123
DB00656,Trazodone,BE0000451;BE0000533;BE0000749;BE0000291;BE0000442;BE0000501;BE0000289
DB00657,Mecamylamine,BE0000738
DB00658,Sevelamer,BE0004815
DB00659,Acamprosate,BE0004797;BE0004852;BE0001192
DB00660,Metaxalone,
DB00661,Verapamil,BE0000430;BE0002359;BE0002357;BE0002355;BE0000303;BE0002354;BE0002358;BE0002356;BE0000012;BE0000483;BE0002226;BE0000356;BE0000090;BE0000197;BE0000708;BE0000749
DB00662,Trimethobenzamide,
DB00663,Flumethasone Pivalate,BE0000794
DB00664,Sulfametopyrazine,BE0002360
DB00665,Nilutamide,BE0000132
DB00666,Nafarelin,BE0000203;BE0000472
DB00667,Histamine Phosphate,BE0000442;BE0000112;BE0000968;BE0000146
DB00668,Epinephrine,BE0000501;BE0000575;BE0000172;BE0000694;BE0000289;BE0000572;BE0000715;BE0000753;BE0000342;BE0001012;BE0000704
DB00669,Sumatriptan,BE0000659;BE0000797;BE0000460;BE0000291
DB00670,Pirenzepine,BE0000092
DB00671,Cefixime,BE0000103
DB00672,Chlorpropamide,BE0000207
DB00673,Aprepitant,BE0000384
DB00674,Galantamine,BE0000426;BE0004661;BE0004662;BE0004663;BE0004664;BE0004665;BE0000738;BE0003585;BE0000849;BE0003586;BE0003587;BE0002341;BE0002343;BE0000411;BE0000850;BE0003588;BE0003584;BE0002180
DB00675,Tamoxifen,BE0000123;BE0000792;BE0004877;BE0004895
DB00676,Benzyl Benzoate,
DB00677,Isoflurophate,BE0000426;BE0002180
DB00678,Losartan,BE0000062
DB00679,Thioridazine,BE0000756;BE0000020;BE0000501;BE0000575;BE0000451;BE0000090
DB00680,Moricizine,BE0000197
DB00681,Amphotericin B,BE0004803
DB00682,Warfarin,BE0000713
DB00683,Midazolam,BE0000795;BE0000381;BE0000523;BE0000478;BE0000471;BE0002344;BE0002345;BE0002346;BE0000764;BE0003593;BE0003592;BE0003594;BE0003599;BE0003595;BE0003596;BE0000129;BE0003598;BE0003619;BE0003597
DB00684,Tobramycin,BE0000279;BE0004799
DB00685,Trovafloxacin,BE0000366;BE0000429;BE0000742
DB00686,Pentosan Polysulfate,BE0001015;BE0000689;BE0000326
DB00687,Fludrocortisone,BE0000668;BE0000794;BE0000132
DB00688,Mycophenolate mofetil,BE0000761;BE0000722
DB00689,Cephaloglycin,BE0004656
DB00690,Flurazepam,BE0000795;BE0000381;BE0000523;BE0000478;BE0000471;BE0000764;BE0002344;BE0002346;BE0002345;BE0003593;BE0003592;BE0003594;BE0003599;BE0003595;BE0003596;BE0000129;BE0003598;BE0003619;BE0003597
DB00691,Moexipril,BE0000221;BE0000982
DB00692,Phentolamine,BE0000289;BE0000501
DB00693,Fluorescein,BE0003837;BE0004796
DB00694,Daunorubicin,BE0004796;BE0000742;BE0002425
DB00695,Furosemide,BE0000502;BE0000322
DB00696,Ergotamine,BE0000659;BE0000797;BE0000451;BE0000756;BE0000501;BE0000575;BE0000715;BE0000289;BE0000572;BE0000486;BE0004889;BE0000291;BE0000460;BE0000533
DB00697,Tizanidine,BE0000289;BE0000572;BE0000342;BE0003580
DB00698,Nitrofurantoin,BE0002361;BE0000621;BE0000158
DB00699,Nicergoline,BE0000501
DB00700,Eplerenone,BE0000668
DB00701,Amprenavir,BE0004854
DB00702,Icodextrin,
DB00703,Methazolamide,BE0000267;BE0000322;BE0000535;BE0003629
DB00704,Naltrexone,BE0000420;BE0000770;BE0000632;BE0000290
DB00705,Delavirdine,BE0004853
DB00706,Tamsulosin,BE0000501;BE0000715;BE0000575
DB00707,Porfimer,BE0000499;BE0000710
DB00708,Sufentanil,BE0000770;BE0000420;BE0000632
DB00709,Lamivudine,BE0004853;BE0004796;BE0000555
DB00710,Ibandronate,BE0000776;BE0004801
DB00711,Diethylcarbamazine,BE0000248;BE0000017
DB00712,Flurbiprofen,BE0000017;BE0000262
DB00713,Oxacillin,BE0004643;BE0004644;BE0004290;BE0003624;BE0004335;BE0000576
DB00714,Apomorphine,BE0000581;BE0000389;BE0000756;BE0000342;BE0000572;BE0000533;BE0000145;BE0000291;BE0000451;BE0000393;BE0000289;BE0000020;BE0000659;BE0000797;BE0000666
DB00715,Paroxetine,BE0000749;BE0000486;BE0000451;BE0000092;BE0000560;BE0000045;BE0000405;BE0000247
DB00716,Nedocromil,BE0000705;BE0000099;BE0000995;BE0000296;BE0001120
DB00717,Norethindrone,BE0000557
DB00718,Adefovir Dipivoxil,BE0000312
DB00719,Azatadine,BE0000442
DB00720,Clodronate,BE0000599;BE0000709;BE0000624;BE0004801
DB00721,Procaine,BE0000177;BE0000641;BE0000311;BE0000647;BE0000738;BE0004796;BE0004906;BE0004891;BE0004917;BE0004909
DB00722,Lisinopril,BE0000221;BE0000982
DB00723,Methoxamine,BE0000501;BE0000575;BE0000715
DB00724,Imiquimod,BE0000155;BE0003518
DB00725,Homatropine Methylbromide,BE0000560;BE0000092;BE0000405;BE0000247;BE0000045
DB00726,Trimipramine,BE0000749;BE0000486;BE0000647;BE0000451;BE0000291;BE0000501;BE0000575;BE0000756;BE0000572;BE0000442;BE0000533;BE0000311;BE0000659;BE0000289;BE0004889;BE0004872;BE0004890;BE0004882
DB00727,Nitroglycerin,BE0000556
DB00728,Rocuronium,BE0000738;BE0000560;BE0000311
DB00729,Diphemanil Methylsulfate,BE0000045
DB00730,Thiabendazole,BE0000548
DB00731,Nateglinide,BE0000207;BE0000215
DB00732,Atracurium,BE0000738
DB00733,Pralidoxime,BE0000426;BE0002180
DB00734,Risperidone,BE0000451;BE0000756;BE0000581;BE0000389;BE0000501;BE0000575;BE0000659;BE0000442;BE0000289;BE0000572;BE0000342;BE0000533;BE0000291;BE0000020
DB00735,Naftifine,BE0000577
DB00736,Esomeprazole,BE0000349
DB00737,Meclizine,BE0000442
DB00738,Pentamidine,BE0004796;BE0002517
DB00739,Hetacillin,BE0004644;BE0004335;BE0004643;BE0004290;BE0003624
DB00740,Riluzole,BE0000197;BE0000030
DB00741,Hydrocortisone,BE0000794;BE0000422
DB00742,Mannitol,
DB00743,Gadobenate Dimeglumine,
DB00744,Zileuton,BE0000248
DB00745,Modafinil,BE0000647;BE0000575
DB00746,Deferoxamine,BE0004807;BE0004818
DB00747,Scopolamine,BE0000092;BE0001176;BE0000560;BE0000045;BE0000405;BE0000247
DB00748,Carbinoxamine,BE0000442
DB00749,Etodolac,BE0000262;BE0000017;BE0000412
DB00750,Prilocaine,BE0000197
DB00751,Epinastine,BE0000442;BE0000112;BE0000501;BE0000289;BE0000451;BE0000650
DB00752,Tranylcypromine,BE0002198;BE0002196
DB00753,Isoflurane,BE0000795;BE0000218;BE0000433;BE0000640;BE0000781;BE0000484;BE0000418;BE0004797
DB00754,Ethotoin,BE0000197
DB00755,Tretinoin,BE0000078;BE0000707;BE0000144;BE0000554;BE0000697;BE0000074;BE0000513;BE0000653
DB00756,Hexachlorophene,BE0000114;BE0002252;BE0000180
DB00757,Dolasetron,BE0000311
DB00758,Clopidogrel,BE0000110
DB00759,Tetracycline,BE0004653;BE0003708;BE0004651;BE0004652;BE0003710;BE0004799;BE0001105
DB00760,Meropenem,BE0000744
DB00761,Potassium Chloride,BE0000281;BE0000502;BE0000047;BE0000140;BE0000276;BE0000601
DB00762,Irinotecan,BE0000971;BE0000091
DB00763,Methimazole,BE0000507
DB00764,Mometasone,BE0000794
DB00765,Metyrosine,BE0000614
DB00766,Clavulanate,BE0000302
DB00768,Olopatadine,BE0000442;BE0001090;BE0001206;BE0001177;BE0000885;BE0003602
DB00769,Hydrocortamate,BE0000794
DB00770,Alprostadil,BE0000368;BE0000064
DB00771,Clidinium,BE0000092
DB00772,Malathion,BE0002180
DB00773,Etoposide,BE0000742;BE0002425
DB00774,Hydroflumethiazide,BE0000502;BE0000267;BE0000322;BE0000535;BE0002437;BE0001653;BE0000732;BE0000553
DB00775,Tirofiban,BE0000439;BE0001155
DB00776,Oxcarbazepine,BE0000197
DB00777,Propiomazine,BE0000442;BE0000451;BE0000533;BE0000756;BE0000020;BE0000389;BE0000501;BE0000575;BE0000715;BE0000045;BE0000247;BE0000560;BE0000405;BE0000092
DB00778,Roxithromycin,BE0000743;BE0001032
DB00779,Nalidixic Acid,BE0004796
DB00780,Phenelzine,BE0002198;BE0002196;BE0001002;BE0000253;BE0000667;BE0002166;BE0002173
DB00781,Polymyxin B Sulfate,BE0004833
DB00782,Propantheline,BE0000092
DB00783,Estradiol,BE0000123;BE0000792;BE0000956
DB00784,Mefenamic acid,BE0000262;BE0000017
DB00785,Cryptenamine,BE0000560;BE0000092;BE0000045;BE0000405;BE0000247
DB00786,Marimastat,BE0000920;BE0000642;BE0001116;BE0003690;BE0001182;BE0000058;BE0003689;BE0003691;BE0001198;BE0000966;BE0003692;BE0003693;BE0001637;BE0003694;BE0003695;BE0003696;BE0003697;BE0003698;BE0003699;BE0003700;BE0003701;BE0003702;BE0003703
DB00787,Aciclovir,BE0001403;BE0000308;BE0000633
DB00788,Naproxen,BE0000262;BE0000017
DB00789,Gadopentetate dimeglumine,BE0003559
DB00790,Perindopril,BE0000221
DB00791,Uracil mustard,BE0004796
DB00792,Tripelennamine,BE0000442
DB00793,Haloprogin,
DB00794,Primidone,BE0000795;BE0000381;BE0000523;BE0000478;BE0000471;BE0000764;BE0000849;BE0002341;BE0000829;BE0000826;BE0004797
DB00795,Sulfasalazine,BE0000248;BE0000262;BE0000017;BE0000215;BE0004655;BE0001154;BE0000030;BE0000069;BE0001893;BE0003997
DB00796,Candesartan,BE0000062
DB00797,Tolazoline,BE0000501;BE0000289;BE0000442;BE0000112;BE0000342;BE0000572
DB00798,Gentamicin,BE0000279;BE0004799;BE0000942
DB00799,Tazarotene,BE0000663;BE0000078;BE0000144;BE0000206
DB00800,Fenoldopam,BE0000145;BE0000020;BE0000572;BE0000342;BE0000289;BE0000575;BE0000715;BE0000501
DB00801,Halazepam,BE0000795;BE0000381;BE0000523;BE0000471;BE0003593;BE0003592;BE0003594;BE0002344;BE0002346;BE0002345;BE0003599;BE0003595;BE0003596;BE0000129;BE0003598;BE0003619;BE0004797
DB00802,Alfentanil,BE0000770
DB00803,Colistin,BE0004833
DB00804,Dicyclomine,BE0000092;BE0000560
DB00805,Minaprine,BE0002198;BE0000393;BE0000451;BE0000533;BE0000426;BE0000749;BE0000020;BE0000756;BE0000092
DB00806,Pentoxifylline,BE0000487;BE0000013;BE0000182;BE0001133;BE0000924;BE0001096
DB00807,Proparacaine,BE0000177
DB00808,Indapamide,BE0000672;BE0000489
DB00809,Tropicamide,BE0000405;BE0000092;BE0000560;BE0000045
DB00810,Biperiden,BE0000092;BE0000738
DB00811,Ribavirin,BE0000761;BE0003540;BE0000681;BE0000282;BE0004796;BE0000261;BE0000457
DB00812,Phenylbutazone,BE0000262;BE0000117;BE0000017
DB00813,Fentanyl,BE0000770;BE0000420;BE0000632
DB00814,Meloxicam,BE0000262;BE0000017
DB00815,Sodium lauryl sulfate,
DB00816,Orciprenaline,BE0000694
DB00817,Rosoxacin,BE0000799;BE0000798
DB00818,Propofol,BE0002346;BE0002345;BE0002083;BE0002081;BE0004797
DB00819,Acetazolamide,BE0000267;BE0003634;BE0000322;BE0003625;BE0000535;BE0003629;BE0000880
DB00820,Tadalafil,BE0000182;BE0003558
DB00821,Carprofen,BE0000262;BE0000017
DB00822,Disulfiram,BE0000133;BE0000138
DB00823,Ethynodiol,BE0000557;BE0000123
DB00824,Enprofylline,BE0001133;BE0000487;BE0000241;BE0000013;BE0000924;BE0000354
DB00825,Menthol,BE0001186;BE0001122;BE0003416;BE0000632
DB00826,Natamycin,BE0004803
DB00827,Cinoxacin,BE0000366;BE0004796
DB00828,Fosfomycin,BE0000468
DB00829,Diazepam,BE0000795;BE0000381;BE0000523;BE0000471;BE0002344;BE0002346;BE0002345;BE0003593;BE0003592;BE0003594;BE0003599;BE0003595;BE0003596;BE0000129;BE0003598;BE0003619;BE0003597;BE0000736;BE0004797
DB00830,Phenmetrazine,BE0000486;BE0000647
DB00831,Trifluoperazine,BE0000756;BE0000666;BE0000501;BE0000418;BE0001024;BE0004350
DB00832,Phensuximide,
DB00833,Cefaclor,BE0004643;BE0000576
DB00834,Mifepristone,BE0000557;BE0000794
DB00835,Brompheniramine,BE0000442;BE0000092;BE0000560;BE0000045;BE0000405;BE0000247
DB00836,Loperamide,BE0000770;BE0000420;BE0000632;BE0000356;BE0000947;BE0000418
DB00837,Progabide,BE0000217;BE0000795
DB00838,Clocortolone,BE0000794
DB00839,Tolazamide,BE0000644
DB00840,Hydroxypropyl cellulose,
DB00841,Dobutamine,BE0000172;BE0000694
DB00842,Oxazepam,BE0000795;BE0000381;BE0000523;BE0000478;BE0000471;BE0000764;BE0002344;BE0002346;BE0002345;BE0003593;BE0003592;BE0003594;BE0003599;BE0003595;BE0003596;BE0000129;BE0003598;BE0003619;BE0003597;BE0004797
DB00843,Donepezil,BE0000426;BE0000451
DB00844,Nalbuphine,BE0000632;BE0000770;BE0000420
DB00845,Clofazimine,BE0004796;BE0000620
DB00846,Flurandrenolide,BE0000794
DB00847,Cysteamine,BE0004827;BE0001070;BE0002419
DB00849,Methylphenobarbital,BE0000795;BE0000381;BE0000523;BE0000478;BE0000471;BE0000764;BE0000849;BE0002341;BE0000829;BE0000826
DB00850,Perphenazine,BE0000756;BE0000020;BE0000418
DB00851,Dacarbazine,BE0004796;BE0000716;BE0003559
DB00852,Pseudoephedrine,BE0000486;BE0000647;BE0000501;BE0000289;BE0000749;BE0000694;BE0000172;BE0004878;BE0000704;BE0004898;BE0004924;BE0001029
DB00853,Temozolomide,BE0004796
DB00854,Levorphanol,BE0000770;BE0000420;BE0000632
DB00855,Aminolevulinic acid,BE0000050
DB00856,Chlorphenesin,
DB00857,Terbinafine,BE0000577
DB00858,Drostanolone,BE0000132
DB00859,Penicillamine,BE0004825
DB00860,Prednisolone,BE0000794
DB00861,Diflunisal,BE0000262;BE0000017
DB00862,Vardenafil,BE0000182;BE0003556;BE0003557
DB00863,Ranitidine,BE0000112
DB00864,Tacrolimus,BE0000695
DB00865,Benzphetamine,BE0000118;BE0000289;BE0000501;BE0000647
DB00866,Alprenolol,BE0000172;BE0000694;BE0000291
DB00867,Ritodrine,BE0000694
DB00868,Benzonatate,BE0000197
DB00869,Dorzolamide,BE0000322;BE0000535;BE0000267
DB00870,Suprofen,BE0000017;BE0000262
DB00871,Terbutaline,BE0000694
DB00872,Conivaptan,BE0000165;BE0000293
DB00873,Loteprednol,BE0000794
DB00874,Guaifenesin,
DB00875,Flupentixol,BE0000756;BE0000451;BE0000020;BE0000501;BE0000092
DB00876,Eprosartan,BE0000062
DB00877,Sirolimus,BE0002386;BE0000695;BE0001015
DB00878,Chlorhexidine,BE0004833
DB00879,Emtricitabine,BE0004853
DB00880,Chlorothiazide,BE0000419;BE0000267;BE0000322;BE0000535
DB00881,Quinapril,BE0000221
DB00882,Clomifene,BE0000123
DB00883,Isosorbide Dinitrate,BE0000556
DB00884,Risedronate,BE0000776;BE0004801
DB00885,Pemirolast,
DB00887,Bumetanide,BE0000502;BE0000281;BE0000601;BE0000047;BE0001195
DB00888,Mechlorethamine,BE0004796
DB00889,Granisetron,BE0000311
DB00890,Dienestrol,BE0000123
DB00891,Sulfapyridine,BE0000120
DB00892,Oxybuprocaine,BE0000177
DB00893,Iron Dextran,BE0000629;BE0000130;BE0000399;BE0000085
DB00894,Testolactone,BE0002090
DB00895,Benzylpenicilloyl Polylysine,BE0000049;BE0000015
DB00896,Rimexolone,BE0000794
DB00897,Triazolam,BE0000795;BE0000381;BE0000523;BE0000478;BE0000471;BE0000764;BE0002344;BE0002346;BE0002345;BE0003593;BE0003592;BE0003594;BE0003599;BE0003595;BE0003596;BE0000129;BE0003598;BE0003619;BE0003597;BE0000736;BE0004797
DB00898,Ethanol,BE0000795;BE0000641;BE0000433;BE0000745;BE0000227;BE0000400;BE0000465
DB00899,Remifentanil,BE0000770;BE0000420;BE0000632
DB00900,Didanosine,BE0004853;BE0000250
DB00902,Methdilazine,BE0000442
DB00903,Ethacrynic acid,BE0000732;BE0000502
DB00904,Ondansetron,BE0000311;BE0000084;BE0000770;BE0000291;BE0000797
DB00905,Bimatoprost,BE0000610;BE0000064;BE0002375;BE0000592
DB00906,Tiagabine,BE0000249
DB00907,Cocaine,BE0000647;BE0000486;BE0000749;BE0000197;BE0000192;BE0000177;BE0000092;BE0000560
DB00908,Quinidine,BE0000197;BE0000154;BE0000680;BE0000090
DB00909,Zonisamide,BE0000141;BE0002081;BE0002082;BE0002083;BE0000197;BE0001143;BE0000192;BE0003635;BE0003636;BE0003637;BE0003638;BE0000483;BE0000864;BE0000012;BE0000267;BE0000322;BE0003625;BE0000535;BE0003626;BE0003627;BE0003628;BE0003629;BE0003630;BE0002437;BE0003631;BE0003632;BE0001653;BE0003633;BE0003634;BE0002196;BE0002198
DB00910,Paricalcitol,BE0000779
DB00911,Tinidazole,BE0004796
DB00912,Repaglinide,BE0000207;BE0000215
DB00913,Anileridine,BE0000770
DB00914,Phenformin,BE0000677;BE0002441
DB00915,Amantadine,BE0000630;BE0000641;BE0000756
DB00916,Metronidazole,BE0004796;BE0004435;BE0000564
DB00917,Dinoprostone,BE0000368;BE0000064;BE0002375;BE0003522
DB00918,Almotriptan,BE0000797;BE0000659
DB00919,Spectinomycin,BE0000279
DB00920,Ketotifen,BE0000442;BE0001133;BE0000487;BE0001287;BE0002353;BE0000706;BE0000627;BE0003717;BE0003718;BE0003559
DB00921,Buprenorphine,BE0000770;BE0000632;BE0000420
DB00922,Levosimendan,BE0001024;BE0000708;BE0002441;BE0000436
DB00923,Ceforanide,BE0003688
DB00924,Cyclobenzaprine,BE0000451
DB00925,Phenoxybenzamine,BE0000501;BE0000289;BE0000342;BE0000572;BE0000418;BE0000694;BE0000575;BE0000715
DB00927,Famotidine,BE0000112
DB00928,Azacitidine,BE0000892;BE0004810;BE0004796
DB00929,Misoprostol,BE0002375;BE0000368;BE0003522
DB00930,Colesevelam,BE0004809
DB00931,Methacycline,BE0004799
DB00932,Tipranavir,BE0004854
DB00933,Mesoridazine,BE0000451;BE0000756
DB00934,Maprotiline,BE0000486;BE0000442;BE0000092;BE0000560;BE0000045;BE0000405;BE0000247;BE0004863;BE0000451;BE0000533;BE0000650;BE0000756;BE0004864
DB00935,Oxymetazoline,BE0000501;BE0000289;BE0000342;BE0000572;BE0000575;BE0000715
DB00936,Salicylic acid,BE0000017;BE0000262;BE0000126
DB00937,Diethylpropion,BE0000486;BE0000647
DB00938,Salmeterol,BE0000694
DB00939,Meclofenamic acid,BE0000017;BE0000262;BE0000248;BE0000897;BE0002398
DB00940,Methantheline,BE0000092;BE0000112
DB00941,Hexafluronium,BE0002180
DB00942,Cycrimine,BE0000092
DB00943,Zalcitabine,BE0004853
DB00944,Demecarium,BE0000426;BE0002180
DB00945,Acetylsalicylic acid,BE0000017;BE0000262;BE0000126;BE0004907;BE0000521;BE0001154;BE0003380;BE0001098;BE0004876;BE0003469;BE0004903
DB00946,Phenprocoumon,BE0000713
DB00947,Fulvestrant,BE0000123
DB00948,Mezlocillin,BE0000576;BE0004643;BE0003579
DB00949,Felbamate,BE0000417;BE0000641;BE0000760
DB00950,Fexofenadine,BE0000442
DB00951,Isoniazid,BE0000466;BE0000332
DB00952,Naratriptan,BE0000659;BE0000797;BE0000460;BE0000291
DB00953,Rizatriptan,BE0000659;BE0000797;BE0000460
DB00954,Dirithromycin,BE0004800
DB00955,Netilmicin,BE0000279;BE0004799
DB00956,Hydrocodone,BE0000770;BE0000420
DB00957,Norgestimate,BE0000557;BE0000123
DB00958,Carboplatin,BE0004796
DB00959,Methylprednisolone,BE0000794
DB00960,Pindolol,BE0000172;BE0000694;BE0000291;BE0000797
DB00961,Mepivacaine,BE0000177
DB00962,Zaleplon,BE0000795;BE0000736
DB00963,Bromfenac,BE0000262;BE0000017
DB00964,Apraclonidine,BE0000289;BE0000501;BE0000572
DB00965,Ethiodized oil,
DB00966,Telmisartan,BE0000062;BE0000215
DB00967,Desloratadine,BE0000442
DB00968,Methyldopa,BE0000289;BE0002151
DB00969,Alosetron,BE0000311
DB00970,Dactinomycin,BE0004796;BE0004951
DB00971,Selenium Sulfide,
DB00972,Azelastine,BE0000442
DB00973,Ezetimibe,BE0000105;BE0000802;BE0001078
DB00974,Edetic Acid,BE0004808;BE0004807;BE0004812
DB00975,Dipyridamole,BE0000631;BE0002214;BE0000182;BE0001133
DB00976,Telithromycin,BE0004800
DB00977,Ethinyl Estradiol,BE0000123;BE0000956
DB00978,Lomefloxacin,BE0000429;BE0000366;BE0000742
DB00979,Cyclopentolate,BE0000092
DB00980,Ramelteon,BE0000515;BE0000327
DB00981,Physostigmine,BE0000426
DB00982,Isotretinoin,BE0000663
DB00983,Formoterol,BE0000694
DB00984,Nandrolone phenpropionate,BE0000132
DB00985,Dimenhydrinate,BE0000442
DB00986,Glycopyrrolate,BE0000092;BE0000045;BE0000560
DB00987,Cytarabine,BE0004796;BE0000113
DB00988,Dopamine,BE0000756;BE0000020;BE0000145;BE0000581;BE0000389;BE0000647;BE0000138;BE0000291;BE0000650;BE0004889;BE0000486;BE0000749
DB00989,Rivastigmine,BE0000426;BE0002180
DB00990,Exemestane,BE0002090
DB00991,Oxaprozin,BE0000017;BE0000262
DB00992,Methyl aminolevulinate,BE0000710
DB00993,Azathioprine,BE0000077
DB00994,Neomycin,BE0000279;BE0004799
DB00995,Auranofin,BE0000907;BE0001154
DB00996,Gabapentin,BE0000691;BE0002396;BE0002226;BE0000013;BE0004956
DB00997,Doxorubicin,BE0004796;BE0000742
DB00998,Frovatriptan,BE0000659;BE0000797
DB00999,Hydrochlorothiazide,BE0000419;BE0000267;BE0000322;BE0000535;BE0002437;BE0001653;BE0000553
DB01000,Cyclacillin,BE0000576;BE0004290;BE0004643;BE0003577
DB01001,Salbutamol,BE0000694;BE0000172
DB01002,Levobupivacaine,BE0000177
DB01003,Cromoglicic acid,BE0000553;BE0001191
DB01004,Ganciclovir,BE0000308;BE0004796;BE0001403
DB01005,Hydroxyurea,BE0000325
DB01006,Letrozole,BE0002090
DB01007,Tioconazole,BE0000233;BE0000875
DB01008,Busulfan,BE0004796
DB01009,Ketoprofen,BE0000017;BE0000262;BE0003552
DB01010,Edrophonium,BE0000426;BE0002180
DB01011,Metyrapone,BE0000731;BE0001246
DB01012,Cinacalcet,BE0000509
DB01013,Clobetasol propionate,BE0000794
DB01014,Balsalazide,BE0000215;BE0000262;BE0000017;BE0000248
DB01015,Sulfamethoxazole,BE0000803;BE0000124
DB01016,Glyburide,BE0000207;BE0000644;BE0002218;BE0000469;BE0000703;BE0000119;BE0001195;BE0000708;BE0004923;BE0000406
DB01017,Minocycline,BE0000127;BE0000019;BE0004799;BE0001051;BE0000248;BE0000058;BE0000163;BE0000444;BE0001162;BE0001009
DB01018,Guanfacine,BE0000289;BE0000572
DB01019,Bethanechol,BE0000560
DB01020,Isosorbide Mononitrate,BE0003578
DB01021,Trichlormethiazide,BE0000502;BE0000732;BE0000267;BE0000322;BE0000535
DB01022,Phylloquinone,BE0000403;BE0000724
DB01023,Felodipine,BE0000430;BE0000691;BE0002354;BE0002359;BE0002355;BE0000864;BE0002396;BE0000418;BE0003323;BE0003565;BE0000668;BE0003566;BE0001024
DB01024,Mycophenolic acid,BE0000761;BE0000722
DB01025,Amlexanox,BE0001206;BE0000885;BE0000125;BE0000689
DB01026,Ketoconazole,BE0000233;BE0000132;BE0004884;BE0004873;BE0004883;BE0002090
DB01028,Methoxyflurane,BE0000795;BE0000640;BE0000433;BE0000218;BE0000781;BE0000484;BE0000503;BE0004797
DB01029,Irbesartan,BE0000062;BE0001040
DB01030,Topotecan,BE0000971;BE0000091;BE0004796
DB01031,Ethinamate,BE0000267;BE0000322
DB01032,Probenecid,BE0001066;BE0000879;BE0003645;BE0003719
DB01033,Mercaptopurine,BE0000077;BE0000374;BE0004941
DB01034,Cerulenin,BE0000801;BE0000800;BE0000558;BE0000959
DB01035,Procainamide,BE0000197;BE0000892
DB01036,Tolterodine,BE0000045;BE0000560;BE0000247;BE0000092;BE0000405
DB01037,Selegiline,BE0002196;BE0002198
DB01039,Fenofibrate,BE0000071;BE0001020
DB01040,Hydroxystilbamidine Isethionate,BE0004796
DB01041,Thalidomide,BE0004755;BE0000704;BE0001086;BE0004796;BE0000748;BE0000262;BE0004898;BE0004879
DB01042,Melphalan,BE0004796
DB01043,Memantine,BE0000641;BE0000760;BE0000417;BE0000311;BE0003438;BE0000756;BE0000365
DB01044,Gatifloxacin,BE0003724;BE0003725;BE0003726;BE0003727
DB01045,Rifampicin,BE0000257;BE0003707;BE0000956
DB01046,Lubiprostone,BE0000765
DB01047,Fluocinonide,BE0000794;BE0004659
DB01048,Abacavir,BE0004853
DB01049,Ergoloid mesylate,BE0004864;BE0004863;BE0001042;BE0004862;BE0000020;BE0000756;BE0004797
DB01050,Ibuprofen,BE0000262;BE0000017;BE0000246;BE0001151;BE0001088;BE0003591;BE0000215;BE0001195
DB01051,Novobiocin,BE0002388;BE0004950
DB01053,Benzylpenicillin,BE0004654
DB01054,Nitrendipine,BE0000430;BE0000691;BE0002354;BE0000679;BE0002359;BE0002355;BE0002396;BE0000864
DB01055,Mimosine,BE0000331;BE0001047;BE0000252
DB01056,Tocainide,BE0000197
DB01057,Echothiophate,BE0002180
DB01058,Praziquantel,BE0004851
DB01059,Norfloxacin,BE0000429;BE0000366;BE0000742
DB01060,Amoxicillin,BE0000576
DB01061,Azlocillin,BE0000576
DB01062,Oxybutynin,BE0000045;BE0000560;BE0000092
DB01063,Acetophenazine,BE0000756;BE0000020
DB01064,Isoprenaline,BE0000172;BE0000694;BE0001012;BE0000923;BE0000955;BE0002383;BE0002384;BE0003429
DB01065,Melatonin,BE0000515;BE0000327;BE0000123;BE0003554;BE0000418;BE0001075;BE0003555;BE0002109;BE0003553;BE0000220
DB01066,Cefditoren,BE0003624;BE0000576
DB01067,Glipizide,BE0000207;BE0000215
DB01068,Clonazepam,BE0004797;BE0000736
DB01069,Promethazine,BE0000442;BE0000756;BE0000092;BE0000560;BE0000045;BE0000405;BE0000247;BE0000501;BE0000451;BE0000418
DB01070,Dihydrotachysterol,BE0000779
DB01071,Mequitazine,BE0000442
DB01072,Atazanavir,BE0004854
DB01073,Fludarabine,BE0000325;BE0000546;BE0004796;BE0002804
DB01074,Perhexiline,BE0000406;BE0000179
DB01075,Diphenhydramine,BE0000442
DB01076,Atorvastatin,BE0000574;BE0000854;BE0003721
DB01077,Etidronic acid,BE0004801;BE0003567;BE0003569
DB01078,Deslanoside,BE0000732
DB01080,Vigabatrin,BE0000217;BE0000253
DB01081,Diphenoxylate,BE0000770;BE0000420
DB01082,Streptomycin,BE0000279;BE0004799
DB01083,Orlistat,BE0000683;BE0003620;BE0000959
DB01084,Emedastine,BE0000442
DB01085,Pilocarpine,BE0000045;BE0000092;BE0000560
DB01086,Benzocaine,BE0000177
DB01087,Primaquine,BE0004805;BE0002459;BE0000220
DB01088,Iloprost,BE0000475;BE0000064;BE0001133;BE0000487;BE0002353;BE0001287;BE0001088
DB01089,Deserpidine,BE0000118
DB01090,Pentolinium,BE0000411;BE0003585;BE0003584
DB01091,Butenafine,BE0000577
DB01092,Ouabain,BE0000732
DB01093,Dimethyl sulfoxide,
DB01094,Hesperetin,BE0000105;BE0004608;BE0000232
DB01095,Fluvastatin,BE0000574
DB01096,Oxamniquine,BE0004796
DB01097,Leflunomide,BE0000382;BE0003721;BE0000871
DB01098,Rosuvastatin,BE0000574
DB01099,Flucytosine,BE0004796;BE0000892;BE0000021
DB01100,Pimozide,BE0000756;BE0000581;BE0000090;BE0000418
DB01101,Capecitabine,BE0000324;BE0004796;BE0004810
DB01102,Arbutamine,BE0000172;BE0000694;BE0001012
DB01103,Quinacrine,BE0004796;BE0001077;BE0000657;BE0001081
DB01104,Sertraline,BE0000749;BE0000647
DB01105,Sibutramine,BE0000486;BE0000749;BE0000647
DB01106,Levocabastine,BE0000442;BE0000464
DB01107,Methyprylon,BE0000795;BE0004797
DB01108,Trilostane,BE0000051;BE0000059;BE0000123;BE0000792
DB01109,Heparin,BE0000280;BE0000216;BE0001159
DB01110,Miconazole,BE0000233;BE0000263;BE0000005;BE0000553;BE0004422;BE0003196;BE0004423;BE0004424;BE0000415;BE0004425;BE0004426;BE0004427;BE0000090;BE0000462;BE0000699
DB01111,Colistimethate,BE0004833
DB01112,Cefuroxime,BE0000576
DB01113,Papaverine,BE0000487;BE0000631
DB01114,Chlorphenamine,BE0000442;BE0000749;BE0000486;BE0000647
DB01115,Nifedipine,BE0000430;BE0000691;BE0002354;BE0002359;BE0002355;BE0000418;BE0000781;BE0000864
DB01116,Trimethaphan,BE0000411
DB01117,Atovaquone,BE0004428;BE0000612;BE0000382
DB01118,Amiodarone,BE0000090;BE0000172;BE0000864;BE0002396
DB01119,Diazoxide,BE0000708;BE0000267;BE0000322;BE0000732;BE0000553;BE0000419
DB01120,Gliclazide,BE0000207;BE0000163
DB01121,Phenacemide,BE0000141
DB01122,Ambenonium,BE0000426
DB01123,Proflavine,BE0004796;BE0000048;BE0003959;BE0004319
DB01124,Tolbutamide,BE0000207;BE0000644
DB01125,Anisindione,BE0000403
DB01126,Dutasteride,BE0000585;BE0000539
DB01127,Econazole,BE0000233
DB01128,Bicalutamide,BE0000132
DB01129,Rabeprazole,BE0000349
DB01130,Prednicarbate,BE0000794
DB01131,Proguanil,BE0000330;BE0000563
DB01132,Pioglitazone,BE0000215
DB01133,Tiludronate,BE0004801;BE0003569;BE0000623
DB01135,Doxacurium chloride,BE0000738;BE0000560
DB01136,Carvedilol,BE0000172;BE0000501;BE0000173;BE0000694;BE0000163;BE0000979;BE0001095;BE0000090;BE0001114;BE0000715;BE0000575;BE0000342;BE0000572;BE0000289;BE0001074;BE0002374
DB01137,Levofloxacin,BE0000429;BE0000366;BE0000742
DB01138,Sulfinpyrazone,BE0001069;BE0000785
DB01139,Cefapirin,BE0000576
DB01140,Cefadroxil,BE0004643;BE0004290;BE0004335;BE0003624
DB01141,Micafungin,BE0004669
DB01142,Doxepin,BE0000442;BE0000112;BE0000486;BE0000749;BE0000451;BE0000393;BE0000533;BE0000092;BE0000560;BE0000045;BE0000405;BE0000247;BE0000501;BE0000575;BE0000715;BE0000291;BE0000289;BE0000572;BE0000342;BE0000756;BE0000945;BE0000146;BE0000090
DB01143,Amifostine,BE0000896;BE0000457
DB01144,Diclofenamide,BE0000267;BE0000322;BE0000535;BE0003629
DB01145,Sulfoxone,BE0002360
DB01146,Diphenylpyraline,BE0000442;BE0000647
DB01147,Cloxacillin,BE0000576;BE0001358;BE0004644;BE0000142;BE0004647;BE0002475
DB01148,Flavoxate,BE0000560;BE0000092
DB01149,Nefazodone,BE0000451;BE0000533;BE0000749;BE0000291;BE0000486;BE0000647;BE0000575;BE0000289;BE0000501
DB01150,Cefprozil,BE0003395;BE0002392;BE0000142
DB01151,Desipramine,BE0000486;BE0000749;BE0000451;BE0000694;BE0000172;BE0000973;BE0000442;BE0004863;BE0000092;BE0000560;BE0000045;BE0000405;BE0000247;BE0003930;BE0000291;BE0000533;BE0000756;BE0004864
DB01153,Sertaconazole,BE0000233
DB01154,Thiamylal,BE0000795;BE0002441;BE0000708
DB01155,Gemifloxacin,BE0000429;BE0000366
DB01156,Bupropion,BE0000647;BE0000486;BE0003585
DB01157,Trimetrexate,BE0000330
DB01158,Bretylium,BE0000732
DB01159,Halothane,BE0003582;BE0003583;BE0000553;BE0000641;BE0000534;BE0000760;BE0000433;BE0001200;BE0001030;BE0001028;BE0000503;BE0000415;BE0000484;BE0000218;BE0000795;BE0001080;BE0000948;BE0004797
DB01160,Dinoprost Tromethamine,BE0000610;BE0000475
DB01161,Chloroprocaine,BE0000177;BE0000641;BE0000411;BE0000311;BE0000647
DB01162,Terazosin,BE0000501;BE0000575;BE0000715;BE0000090;BE0000462;BE0000699
DB01164,Calcium Chloride,
DB01165,Ofloxacin,BE0000429;BE0000366;BE0000742
DB01166,Cilostazol,BE0000436
DB01167,Itraconazole,BE0000875;BE0000690
DB01168,Procarbazine,BE0004796
DB01169,Arsenic trioxide,BE0001154;BE0001979;BE0001040;BE0001027;BE0001062;BE0000923;BE0000428
DB01170,Guanethidine,BE0000486
DB01171,Moclobemide,BE0002198
DB01172,Kanamycin,BE0000279;BE0004799
DB01173,Orphenadrine,BE0000396;BE0000365;BE0000534;BE0000641;BE0000442;BE0000486;BE0000177
DB01174,Phenobarbital,BE0000795;BE0000849;BE0002341;BE0000829;BE0000826;BE0004956
DB01175,Escitalopram,BE0000749;BE0000647;BE0000486;BE0000501;BE0000092;BE0000442
DB01176,Cyclizine,BE0000442;BE0000951
DB01177,Idarubicin,BE0004796;BE0000742
DB01178,Chlormezanone,BE0000736
DB01179,Podofilox,BE0000742;BE0001391;BE0000143
DB01180,Rescinnamine,BE0000221
DB01181,Ifosfamide,BE0004796
DB01182,Propafenone,BE0000197;BE0000090
DB01183,Naloxone,BE0000770;BE0000420;BE0000632;BE0000958;BE0000123;BE0002442
DB01184,Domperidone,BE0000756;BE0000581
DB01185,Fluoxymesterone,BE0000132;BE0000123;BE0000345;BE0000794
DB01186,Pergolide,BE0000756;BE0000581;BE0000389;BE0000291;BE0000393;BE0000451;BE0000659;BE0000572;BE0000289;BE0000342;BE0000145;BE0000020;BE0000797;BE0000533;BE0000501;BE0000575;BE0000715
DB01187,Iophendylate,
DB01188,Ciclopirox,BE0000732
DB01189,Desflurane,BE0004797;BE0000433;BE0000640;BE0000781;BE0000218;BE0000484;BE0000503
DB01190,Clindamycin,BE0000743;BE0004800
DB01191,Dexfenfluramine,BE0000749;BE0000533
DB01192,Oxymorphone,BE0000770;BE0000420
DB01193,Acebutolol,BE0000172;BE0000694
DB01194,Brinzolamide,BE0000322;BE0000267;BE0000535;BE0003626
DB01195,Flecainide,BE0000197;BE0002083
DB01196,Estramustine,BE0001100;BE0001169;BE0000123;BE0000792
DB01197,Captopril,BE0000221;BE0000642;BE0000058;BE0001680
DB01198,Zopiclone,BE0000795;BE0000381;BE0000523;BE0000471;BE0000736
DB01199,Tubocurarine,BE0000738;BE0000311;BE0000426
DB01200,Bromocriptine,BE0000756;BE0000581;BE0000659;BE0000289;BE0000291;BE0000342;BE0000572;BE0000393;BE0000389;BE0000451;BE0000797;BE0000533;BE0000145;BE0000020;BE0000501;BE0000575;BE0000715;BE0000650
DB01201,Rifapentine,BE0000186
DB01202,Levetiracetam,BE0000993;BE0002226
DB01203,Nadolol,BE0000172;BE0000694
DB01204,Mitoxantrone,BE0004796;BE0000742
DB01205,Flumazenil,BE0000795;BE0003592;BE0000471;BE0004797
DB01206,Lomustine,BE0004796;BE0004003
DB01207,Ridogrel,BE0000759;BE0001893
DB01208,Sparfloxacin,BE0000429;BE0000366;BE0000742
DB01209,Dezocine,BE0000770;BE0000632
DB01210,Levobunolol,BE0000694;BE0000172
DB01211,Clarithromycin,BE0000743
DB01212,Ceftriaxone,BE0003624
DB01213,Fomepizole,BE0000227;BE0000400;BE0000465;BE0001207
DB01214,Metipranolol,BE0000694;BE0000172
DB01215,Estazolam,BE0000795;BE0000381;BE0000523;BE0000471;BE0003593;BE0003592;BE0003594;BE0002344;BE0002346;BE0002345;BE0003599;BE0003595;BE0003596;BE0000129;BE0003598;BE0003619;BE0004797
DB01216,Finasteride,BE0000585;BE0000539;BE0003610
DB01217,Anastrozole,BE0002090
DB01218,Halofantrine,BE0004805;BE0000090;BE0001694
DB01219,Dantrolene,BE0000739
DB01220,Rifaximin,BE0000257;BE0000956
DB01221,Ketamine,BE0000641;BE0000384;BE0000756;BE0000420;BE0000486;BE0000632;BE0000770;BE0004890;BE0004957;BE0004958
DB01222,Budesonide,BE0000794
DB01223,Aminophylline,BE0000436;BE0000013;BE0000354;BE0002366
DB01224,Quetiapine,BE0000451;BE0000756;BE0000291;BE0000797;BE0000659;BE0000476;BE0000533;BE0000311;BE0000945;BE0000650;BE0000020;BE0000145;BE0000581;BE0000389;BE0000442;BE0000501;BE0000575;BE0000715;BE0000289;BE0000572;BE0000342;BE0000092;BE0000560;BE0000045;BE0000405;BE0000247
DB01225,Enoxaparin,BE0000280;BE0000216
DB01226,Mivacurium,BE0000738;BE0000560;BE0000045;BE0002180
DB01227,Levomethadyl Acetate,BE0000770;BE0003584;BE0003585
DB01228,Encainide,BE0000197
DB01229,Paclitaxel,BE0000026;BE0000246;BE0000956;BE0003475;BE0001100;BE0003474
DB01231,Diphenidol,BE0000092;BE0000045;BE0000560
DB01232,Saquinavir,BE0004854
DB01233,Metoclopramide,BE0000756;BE0000092;BE0000084;BE0000311
DB01234,Dexamethasone,BE0000794;BE0000074;BE0000422;BE0000005
DB01235,L-DOPA,BE0000020;BE0000145;BE0000756;BE0000581;BE0000389
DB01236,Sevoflurane,BE0000795;BE0000433;BE0000640;BE0000781;BE0000218;BE0000484;BE0000503;BE0004797
DB01237,Bromodiphenhydramine,BE0000442
DB01238,Aripiprazole,BE0000451;BE0000756;BE0000291;BE0000797;BE0000659;BE0000476;BE0000533;BE0000311;BE0000945;BE0000650;BE0000020;BE0000145;BE0000581;BE0000389;BE0000442;BE0000501;BE0000575;BE0000289;BE0000572;BE0000342;BE0000092;BE0000560;BE0000045;BE0000405;BE0000247
DB01239,Chlorprothixene,BE0000756;BE0000020;BE0000581;BE0000451;BE0000393;BE0000533;BE0000442;BE0000092;BE0000560;BE0000045;BE0000405;BE0000247
DB01240,Epoprostenol,BE0000110;BE0000475;BE0000117
DB01241,Gemfibrozil,BE0000071
DB01242,Clomipramine,BE0000749;BE0000451;BE0000393;BE0000533;BE0000486;BE0000814;BE0003930
DB01243,Chloroxine,
DB01244,Bepridil,BE0000356;BE0000864;BE0002396;BE0000732;BE0000672;BE0001024;BE0000418;BE0003323;BE0003565
DB01245,Decamethonium,BE0000738;BE0000426
DB01246,Alimemazine,BE0000442
DB01247,Isocarboxazid,BE0002198;BE0002196
DB01248,Docetaxel,BE0000026;BE0000246;BE0001100;BE0003475;BE0003474;BE0000956
DB01249,Iodixanol,
DB01250,Olsalazine,BE0000987;BE0000944
DB01251,Gliquidone,BE0000207;BE0002441
DB01252,Mitiglinide,BE0000207;BE0000215
DB01253,Ergonovine,BE0000501
DB01254,Dasatinib,BE0000014;BE0000838;BE0000841;BE0000842;BE0000840;BE0000453;BE0000205;BE0000891;BE0000435;BE0000839
DB01255,Lisdexamfetamine,BE0000647;BE0000575
DB01256,Retapamulin,BE0000843
DB01257,Eculizumab,BE0000855
DB01258,Aliskiren,BE0000270
DB01259,Lapatinib,BE0000767;BE0000511
DB01260,Desonide,BE0000794
DB01261,Sitagliptin,BE0000854
DB01262,Decitabine,BE0004796;BE0000892
DB01263,Posaconazole,BE0000233
DB01264,Darunavir,BE0004854
DB01265,Telbivudine,BE0000555;BE0004796
DB01266,Kunecatechins,
DB01267,Paliperidone,BE0000451;BE0000756;BE0000442;BE0000501;BE0000575;BE0000389;BE0000659;BE0000581;BE0000533;BE0000289;BE0000572;BE0000342;BE0000291;BE0000020;BE0002638;BE0002363;BE0002362
DB01268,Sunitinib,BE0000205;BE0000029;BE0000453;BE0000369;BE0000023;BE0000147;BE0000853;BE0000852
DB01269,Panitumumab,BE0000767
DB01270,Ranibizumab,BE0000163
DB01271,Idursulfase,BE0004819;BE0004820;BE0000856
DB01272,Alglucosidase alfa,BE0004494;BE0004831
DB01273,Varenicline,BE0000849;BE0002341;BE0003585;BE0003587
DB01274,Arformoterol,BE0000694
DB01275,Hydralazine,BE0001002;BE0000060
DB01276,Exenatide,BE0000857
DB01277,Mecasermin,BE0000858;BE0000970;BE0000033;BE0003623
DB01278,Pramlintide,BE0000431;BE0000859;BE0000860;BE0000861
DB01279,Galsulfase,BE0004819;BE0000856
DB01280,Nelarabine,BE0004796;BE0000546
DB01281,Abatacept,BE0000847;BE0000846
DB01282,Carbetocin,BE0000844
DB01283,Lumiracoxib,BE0000262;BE0000017
DB01284,Cosyntropin,BE0000848
DB01285,Corticotropin,BE0000848;BE0001026
DB01288,Fenoterol,BE0000694;BE0000172;BE0001012
DB01289,Glisoxepide,BE0002441
DB01291,Pirbuterol,BE0000694;BE0000172
DB01294,Bismuth Subsalicylate,
DB01295,Bevantolol,BE0000172;BE0000694;BE0000501
DB01296,Glucosamine,BE0000058;BE0002387;BE0000704;BE0000944;BE0001697
DB01297,Practolol,BE0000172
DB01298,Sulfacytine,BE0000803
DB01299,Sulfadoxine,BE0002360;BE0000563
DB01301,Rolitetracycline,BE0000127;BE0004799
DB01303,Oxtriphylline,BE0000436;BE0001133;BE0000924;BE0000013;BE0002366
DB01306,Insulin Aspart,BE0000033
DB01307,Insulin Detemir,BE0000033
DB01309,Insulin Glulisine,BE0000033
DB01319,Fosamprenavir,BE0004854
DB01320,Fosphenytoin,BE0000197
DB01321,Josamycin,BE0003720
DB01324,Polythiazide,BE0000419
DB01325,Quinethazone,BE0000267;BE0000322;BE0000502;BE0000281;BE0000419
DB01326,Cefamandole,BE0003688
DB01327,Cefazolin,BE0000588;BE0000488;BE0003723;BE0003579;BE0002393;BE0000930
DB01328,Cefonicid,BE0000588;BE0002393;BE0000488;BE0000744;BE0003579
DB01329,Cefoperazone,BE0002393;BE0000488;BE0003579;BE0003686;BE0003687;BE0003685;BE0000588;BE0002063;BE0000744
DB01330,Cefotetan,BE0004643
DB01331,Cefoxitin,BE0003685;BE0002063;BE0004430;BE0000744;BE0000588;BE0000488;BE0002393;BE0004643;BE0004335;BE0004644;BE0004290;BE0003624
DB01332,Ceftizoxime,BE0003618;BE0000588;BE0000488;BE0002393
DB01333,Cefradine,BE0000588
DB01336,Metocurine,BE0000738;BE0000560
DB01337,Pancuronium,BE0000738;BE0000560;BE0000045
DB01338,Pipecuronium,BE0000738;BE0000560;BE0000045
DB01339,Vecuronium,BE0000738
DB01340,Cilazapril,BE0000221
DB01342,Forasartan,BE0000062
DB01344,Polystyrene sulfonate,BE0004816
DB01346,Quinidine barbiturate,BE0000795;BE0000381;BE0000197;BE0000154;BE0000829
DB01347,Saprisartan,BE0000062
DB01348,Spirapril,BE0000221
DB01349,Tasosartan,BE0000062;BE0003426
DB01351,Amobarbital,BE0000795;BE0000381;BE0000523;BE0000478;BE0000471;BE0000764;BE0000849;BE0002341;BE0000829;BE0000826
DB01352,Aprobarbital,BE0000795;BE0000381;BE0000523;BE0000478;BE0000471;BE0000764;BE0000849;BE0002341;BE0000829;BE0000826
DB01353,Butethal,BE0000795;BE0000381;BE0000523;BE0000478;BE0000471;BE0000764;BE0000849;BE0002341;BE0000829;BE0000826
DB01354,Heptabarbital,BE0000795;BE0000381;BE0000523;BE0000478;BE0000471;BE0000764;BE0000849;BE0002341;BE0000829;BE0000826
DB01355,Hexobarbital,BE0000795;BE0000381;BE0000523;BE0000478;BE0000471;BE0000764;BE0000849;BE0002341;BE0000829;BE0000826
DB01356,Lithium,BE0001065;BE0001152;BE0000983;BE0000831
DB01357,Mestranol,BE0000123
DB01359,Penbutolol,BE0000172;BE0000694;BE0000291;BE0000797
DB01361,Troleandomycin,BE0003675;BE0003674
DB01362,Iohexol,
DB01363,Ephedra,BE0000647;BE0000486;BE0000289;BE0000572;BE0000342;BE0002198;BE0002196;BE0000172;BE0000694;BE0001012;BE0000749;BE0000118;BE0004674
DB01364,Ephedrine,BE0000486;BE0000501;BE0000118;BE0000426
DB01365,Mephentermine,BE0004888;BE0004872
DB01366,Procaterol,BE0000694
DB01367,Rasagiline,BE0002196;BE0000246
DB01369,Quinupristin,BE0004800;BE0000743;BE0002464
DB01370,Aluminium,BE0000510;BE0000732
DB01375,Dihydroxyaluminium,BE0001024;BE0002468;BE0002469;BE0002470
DB01377,Magnesium oxide,
DB01380,Cortisone acetate,BE0000794
DB01381,Ginkgo biloba,BE0000486;BE0001640;BE0000433;BE0000795;BE0002346;BE0003592
DB01382,Glycodiazine,BE0000644;BE0000207
DB01384,Paramethasone,BE0000794
DB01390,Sodium bicarbonate,BE0004849
DB01392,Yohimbine,BE0000289;BE0000572;BE0000342;BE0000291;BE0000797;BE0000659;BE0000756;BE0000581;BE0000451;BE0000533;BE0004905;BE0000393
DB01393,Bezafibrate,BE0000071;BE0001007;BE0000215
DB01394,Colchicine,BE0000026;BE0000143
DB01395,Drospirenone,BE0000557;BE0000668;BE0000132
DB01396,Digitoxin,BE0000732
DB01397,Magnesium salicylate,BE0000262;BE0000017
DB01398,Salicylate-sodium,BE0000262;BE0000017
DB01399,Salsalate,BE0000262;BE0000017
DB01400,Neostigmine,BE0000426
DB01401,Trisalicylate-choline,BE0000017;BE0000262
DB01403,Methotrimeprazine,BE0000756;BE0000020;BE0000145;BE0000581;BE0000389;BE0000451;BE0000533;BE0000442;BE0000092;BE0000560;BE0000045;BE0000405;BE0000247;BE0000501;BE0000575;BE0000715;BE0000289;BE0000572;BE0000342
DB01404,Ginseng,BE0000918;BE0000262;BE0003721
DB01406,Danazol,BE0000123;BE0000132;BE0000557;BE0000203;BE0000472;BE0001047
DB01407,Clenbuterol,BE0000694;BE0000172;BE0001012;BE0001094;BE0000704
DB01408,Bambuterol,BE0000694
DB01409,Tiotropium,BE0000045;BE0000092;BE0000560
DB01410,Ciclesonide,BE0000794
DB01411,Pranlukast,BE0000705;BE0000704;BE0001208;BE0000908;BE0001086;BE0001034
DB01412,Theobromine,BE0000013;BE0000924;BE0000487
DB01413,Cefepime,BE0003579;BE0002393;BE0004647;BE0004648
DB01414,Cefacetrile,BE0000588;BE0000488
DB01415,Ceftibuten,BE0002393;BE0000588;BE0000488;BE0003579
DB01416,Cefpodoxime,BE0002393
DB01418,Acenocoumarol,BE0000713
DB01419,Antrafenine,BE0000017;BE0000262
DB01420,Testosterone Propionate,BE0000132
DB01421,Paromomycin,BE0003676;BE0004799
DB01422,Nitroxoline,BE0001534;BE0004811;BE0004812
DB01423,Stepronin,
DB01424,Aminophenazone,
DB01425,Alizapride,BE0000756
DB01426,Ajmaline,BE0000197
DB01427,Amrinone,BE0000436;BE0000487;BE0000704;BE0004908
DB01428,Oxybenzone,
DB01429,Aprindine,BE0000197;BE0000418
DB01430,Almitrine,BE0000732
DB01431,Allylestrenol,BE0000557;BE0000123
DB01432,Cholestyramine,BE0004809
DB01433,Methadyl Acetate,BE0000770
DB01435,Antipyrine,BE0000262;BE0000017
DB01436,Alfacalcidol,BE0000779;BE0000443
DB01437,Glutethimide,BE0000795;BE0004797
DB01438,Phenazopyridine,BE0000141
DB01440,Gamma Hydroxybutyric Acid,BE0004841;BE0002344
DB01452,Heroin,BE0000770;BE0000632;BE0000420
DB01463,Fencamfamine,BE0000647
DB01466,Ethylmorphine,BE0000770
DB01482,Fenethylline,
DB01489,Camazepam,
DB01501,Difenoxin,
DB01511,Delorazepam,
DB01544,Flunitrazepam,BE0000736;BE0000381;BE0000478;BE0000471;BE0000764;BE0000523
DB01545,Ethyl loflazepate,
DB01550,Fenproporex,
DB01551,Dihydrocodeine,
DB01553,Cloxazolam,
DB01558,Bromazepam,BE0000795;BE0000381;BE0000523;BE0000478;BE0000471;BE0000764;BE0002344;BE0002346;BE0002345;BE0003593;BE0003592;BE0003594;BE0003599;BE0003595;BE0003596;BE0000129;BE0003598;BE0003619;BE0003597
DB01559,Clotiazepam,BE0000795;BE0000381;BE0000523;BE0000471;BE0003593;BE0003592;BE0003594;BE0002344;BE0002346;BE0002345;BE0003599;BE0003595;BE0003596;BE0000129;BE0003598;BE0003619
DB01567,Fludiazepam,BE0000795;BE0000381;BE0000523;BE0000471;BE0003593;BE0003592;BE0003594;BE0002344;BE0002346;BE0002345;BE0003599;BE0003595;BE0003596;BE0000129;BE0003598;BE0003619
DB01574,Attapulgite,
DB01575,Kaolin,
DB01576,Dextroamphetamine,BE0000118;BE0000486;BE0000647;BE0001044;BE0000501;BE0000575
DB01577,Methamphetamine,BE0000647;BE0000749;BE0000486;BE0000118;BE0004674;BE0001044;BE0000289;BE0000572;BE0000342;BE0002198;BE0002196
DB01578,Metrizamide,
DB01579,Phendimetrazine,BE0000501;BE0000486;BE0000575
DB01580,Oxprenolol,BE0000172;BE0000694
DB01581,Sulfamerazine,BE0000803
DB01582,Sulfamethazine,BE0000803
DB01583,Liotrix,BE0000687;BE0000315
DB01584,Thyroglobulin,
DB01586,Ursodeoxycholic acid,BE0000622
DB01587,Ketazolam,BE0000736;BE0000795;BE0002344;BE0003593;BE0003599;BE0003595
DB01588,Prazepam,BE0000795;BE0000381;BE0000523;BE0000471;BE0003593;BE0003592;BE0003594;BE0002344;BE0002346;BE0002345;BE0003599;BE0003595;BE0003596;BE0000129;BE0003598;BE0003619;BE0004797
DB01589,Quazepam,BE0000795;BE0000381;BE0000523;BE0000471;BE0003593;BE0003592;BE0003594;BE0002344;BE0002345;BE0003599;BE0003595;BE0003596;BE0000129;BE0003598;BE0003619;BE0004797
DB01590,Everolimus,BE0002386
DB01591,Solifenacin,BE0000045;BE0000092;BE0000560;BE0000405;BE0000247
DB01592,Iron,
DB01593,Zinc,
DB01594,Cinolazepam,BE0000795;BE0000381;BE0000523;BE0000471;BE0003593;BE0003592;BE0003594;BE0002344;BE0002346;BE0002345;BE0003599;BE0003595;BE0003596;BE0000129;BE0003598;BE0003619
DB01595,Nitrazepam,BE0000795;BE0000381;BE0000523;BE0000478;BE0000471;BE0000764;BE0002344;BE0002346;BE0002345;BE0003593;BE0003592;BE0003594;BE0003599;BE0003595;BE0003596;BE0000129;BE0003598;BE0003619;BE0003597;BE0000141
DB01597,Cilastatin,BE0001148
DB01598,Imipenem,BE0003579;BE0000488;BE0000588;BE0000790;BE0000302
DB01599,Probucol,BE0000119;BE0002705
DB01600,Tiaprofenic acid,BE0000262;BE0000017
DB01601,Lopinavir,BE0004854
DB01602,Bacampicillin,BE0000576
DB01603,Meticillin,BE0003618;BE0004644;BE0004335;BE0003624;BE0004643;BE0004290
DB01604,Pivampicillin,BE0000576
DB01605,Pivmecillinam,BE0000576
DB01606,Tazobactam,BE0002015;BE0001568
DB01607,Ticarcillin,BE0003577
DB01608,Propericiazine,BE0000020;BE0000289;BE0000575
DB01609,Deferasirox,BE0004807
DB01610,Valganciclovir,BE0004796
DB01611,Hydroxychloroquine,BE0004796;BE0000155;BE0001171
DB01612,Amyl Nitrite,BE0000556
DB01613,Erythrityl Tetranitrate,BE0000556;BE0000997
DB01614,Acepromazine,BE0000756;BE0000020;BE0000451;BE0000291;BE0000501;BE0000575
DB01615,Aceprometazine,BE0000442
DB01616,Alverine,BE0000291
DB01618,Molindone,BE0000756;BE0000291;BE0000451;BE0000092
DB01619,Phenindamine,BE0000442
DB01620,Pheniramine,BE0000442
DB01621,Pipotiazine,BE0000756;BE0000020;BE0000451;BE0000291
DB01622,Thioproperazine,BE0000756;BE0000020;BE0000451;BE0000291;BE0000501;BE0000575
DB01623,Thiothixene,BE0000756;BE0000020;BE0000451
DB01625,Isopropamide,BE0000045;BE0000405
DB01626,Pargyline,BE0002196;BE0002198
DB01627,Lincomycin,BE0000743
DB01628,Etoricoxib,BE0000262
DB01656,Roflumilast,BE0001287;BE0001133;BE0000487;BE0002353
DB01764,Dalfopristin,BE0001238
DB02187,Equilin,BE0000194
DB02300,Calcipotriol,BE0000779
DB02546,Vorinostat,BE0002365;BE0002366;BE0002367;BE0002368;BE0001608;BE0002796
DB02638,Terlipressin,BE0000293;BE0000773;BE0000165
DB02703,Fusidic Acid,BE0001796;BE0001800;BE0001542
DB02959,Oxitriptan,BE0001830
DB03147,Flavin adenine dinucleotide,BE0001720;BE0001704;BE0001590;BE0002364;BE0001921;BE0001745;BE0004141;BE0001787;BE0001969;BE0002198;BE0000762;BE0004566;BE0001961;BE0001784;BE0001543;BE0000067;BE0001184;BE0001523;BE0001487;BE0004574;BE0000648;BE0001382;BE0000160;BE0001550;BE0001409;BE0001354;BE0002067;BE0000298;BE0002064;BE0001301;BE0001551;BE0000220;BE0000397;BE0002204;BE0001230;BE0002961;BE0002597;BE0000960;BE0002962;BE0000114;BE0002963;BE0001979;BE0002964;BE0000605;BE0002938;BE0000965;BE0002596;BE0002965;BE0002966;BE0002967;BE0002968;BE0002969;BE0002970;BE0000737;BE0002881;BE0004507;BE0002774;BE0002196;BE0004480;BE0004135;BE0002971;BE0004580;BE0002972;BE0002917;BE0002619;BE0002973;BE0002974;BE0002975;BE0002976;BE0002977;BE0002978;BE0002979;BE0002980;BE0002981;BE0002982;BE0002983;BE0002984;BE0002985;BE0002616;BE0002986;BE0002987;BE0002988;BE0002989;BE0002990;BE0002001
DB03166,Acetic acid,
DB03255,Phenol,BE0001346;BE0001248;BE0001229
DB04552,Niflumic Acid,BE0003997;BE0000262;BE0002376;BE0000017;BE0000657;BE0003538
DB04570,Latamoxef,BE0000790;BE0000588;BE0000488;BE0000744
DB04571,Trioxsalen,BE0004796
DB04572,Thiotepa,BE0004796
DB04573,Estriol,BE0000123;BE0000792
DB04574,Estropipate,BE0000123;BE0000792
DB04575,Quinestrol,BE0000123
DB04576,Fleroxacin,BE0000742;BE0000366;BE0000429
DB04711,Iodipamide,
DB04786,Suramin,BE0002401;BE0003362;BE0000387;BE0000739;BE0000048;BE0001640;BE0001457
DB04794,Bifonazole,BE0000233;BE0003549
DB04835,Maraviroc,BE0000911
DB04837,Clofedanol,BE0000442
DB04838,Cyclandelate,BE0000691;BE0002705
DB04839,Cyproterone acetate,BE0000132
DB04840,Debrisoquin,BE0000486
DB04841,Flunarizine,BE0000483;BE0000864;BE0000012;BE0000442;BE0000418
DB04842,Fluspirilene,BE0000756;BE0000451;BE0000679
DB04843,Mepenzolate,BE0000092;BE0000045
DB04844,Tetrabenazine,BE0000118;BE0000756
DB04845,Ixabepilone,BE0001415
DB04855,Dronedarone,BE0000501;BE0000575;BE0000715;BE0000289;BE0000572;BE0000342;BE0000172;BE0000090;BE0000430;BE0002359;BE0002357;BE0002355;BE0000303;BE0002354;BE0002358;BE0002356;BE0000141;BE0000210
DB04861,Nebivolol,BE0000172;BE0000694
DB04865,Homoharringtonine,BE0004749;BE0003833
DB04868,Nilotinib,BE0000014;BE0000453
DB04871,Lorcaserin,BE0000533
DB04876,Vildagliptin,BE0000854
DB04877,Voacamine,BE0001032
DB04878,Voglibose,BE0000837
DB04880,Enoximone,BE0000436
DB04890,Bepotastine,BE0000442
DB04894,Vapreotide,BE0003528;BE0002147;BE0000384
DB04895,Pegaptanib,BE0002129
DB04896,Milnacipran,BE0000749;BE0000486;BE0004956
DB04897,Lucinactant,
DB04898,Ximelagatran,BE0000048
DB04899,Nesiritide,BE0000556;BE0000997;BE0002426
DB04900,Thymalfasin,
DB04920,Clevidipine,BE0002357;BE0002355;BE0002359;BE0000430
DB04930,Permethrin,BE0000141
DB04932,Defibrotide,BE0000013;BE0000924;BE0000241
DB04938,Ospemifene,BE0000123
DB04941,Crofelemer,BE0001195;BE0004746
DB04942,Tamibarotene,BE0000663;BE0000206
DB04946,Iloperidone,BE0000451;BE0000756;BE0000020;BE0000581;BE0000389;BE0000291;BE0000945;BE0000650;BE0000501;BE0000442;BE0000342
DB04948,Lofexidine,BE0000289
DB04953,Ezogabine,BE0000897;BE0002398;BE0002399;BE0002400
DB04967,Lucanthone,BE0000742;BE0002414;BE0004796;BE0000971
DB05013,Ingenol Mebutate,BE0002417;BE0001132
DB05039,Indacaterol,BE0000694
DB05109,Trabectedin,BE0004796
DB05245,Silver sulfadiazine,BE0004796
DB05246,Methsuximide,BE0000483
DB05258,natural alpha interferon,BE0000661
DB05259,Glatiramer Acetate,BE0002416
DB05260,Gallium nitrate,BE0002450;BE0003813;BE0000724;BE0004801;BE0003003;BE0001051
DB05265,Ecabet,BE0002423;BE0000334
DB05266,Ibudilast,BE0001133;BE0000487;BE0002353;BE0001287;BE0000436
DB05269,AST-120,BE0000239
DB05271,Rotigotine,BE0000581;BE0000389;BE0000756;BE0000145;BE0000020;BE0000291;BE0000572
DB05273,Samarium (153sm) lexidronam,
DB05275,transdermal testosterone gel,
DB05276,hepatitis B immune globulin,BE0002427
DB05278,inhaled insulin,BE0000877
DB05294,Vandetanib,BE0000163;BE0000767;BE0004731;BE0003379
DB05332,Romiplostim,BE0003440
DB05389,WF10,BE0003374;BE0003375
DB05521,Telaprevir,BE0004701
DB05528,Mipomersen,BE0004845
DB05630,Sodium stibogluconate,BE0000971
DB05773,ado-trastuzumab emtansine,BE0000511
DB05777,ART-123,BE0000041;BE0000048
DB05812,Abiraterone,BE0000344
DB05829,Preotact,BE0003508;BE0004703
DB06144,Sertindole,BE0000756;BE0000451;BE0000533;BE0000945;BE0000090;BE0000501;BE0000575;BE0000715
DB06147,Sulfathiazole,BE0002360
DB06148,Mianserin,BE0000289;BE0000451;BE0000533;BE0000442;BE0000486;BE0000749;BE0000146;BE0000291;BE0000342;BE0000393;BE0000460;BE0000572;BE0000581;BE0000632;BE0000647;BE0000650;BE0000756;BE0000945;BE0004863;BE0004889
DB06149,Teicoplanin,BE0004826
DB06150,Sulfadimethoxine,
DB06151,Acetylcysteine,BE0004839;BE0000481;BE0004655;BE0001154;BE0000185;BE0000030;BE0000417;BE0000365;BE0000760;BE0000396;BE0000641
DB06155,Rimonabant,BE0000061
DB06168,Canakinumab,BE0001051
DB06186,Ipilimumab,BE0000887
DB06196,Icatibant,BE0003513;BE0001078
DB06201,Rufinamide,BE0001192;BE0001143
DB06203,Alogliptin,BE0000854
DB06204,Tapentadol,BE0000770;BE0000486;BE0000632;BE0000420;BE0000311;BE0000749
DB06207,Silodosin,BE0000501;BE0000575;BE0000715
DB06209,Prasugrel,BE0000110
DB06210,Eltrombopag,BE0003440
DB06212,Tolvaptan,BE0000293;BE0000165
DB06213,Regadenoson,BE0000924
DB06216,Asenapine,BE0000756;BE0000451;BE0000291;BE0000797;BE0000393;BE0000533;BE0004688;BE0000945;BE0000650;BE0000289;BE0000572;BE0000342;BE0000501;BE0000020;BE0000581;BE0000389;BE0000442;BE0000112;BE0000172;BE0000694
DB06218,Lacosamide,BE0001143;BE0002082;BE0000177
DB06228,Rivaroxaban,BE0000216
DB06237,Avanafil,BE0000182
DB06255,Incadronate,
DB06262,Droxidopa,BE0000501;BE0000575;BE0000715;BE0000289;BE0000572;BE0000342;BE0000172;BE0000694;BE0001012;BE0000753
DB06267,Udenafil,BE0000182
DB06268,Sitaxentan,BE0000521;BE0000043
DB06271,Sulodexide,BE0000775;BE0000280
DB06273,Tocilizumab,BE0002859
DB06274,Alvimopan,BE0000770;BE0000632;BE0000420
DB06285,Teriparatide,BE0003508
DB06287,Temsirolimus,BE0002386
DB06288,Amisulpride,BE0000756;BE0000581;BE0000650;BE0000451
DB06290,SIMEPREVIR,BE0004004
DB06292,Dapagliflozin,BE0004753
DB06335,Saxagliptin,BE0000854
DB06366,Pertuzumab,BE0000511
DB06372,Rilonacept,BE0001051;BE0004734;BE0004735
DB06402,Telavancin,
DB06414,Etravirine,
DB06439,Tyloxapol,BE0000239
DB06589,Pazopanib,BE0000029;BE0000369;BE0000023;BE0000852;BE0000205;BE0000453;BE0002133;BE0001341;BE0000689;BE0004714
DB06590,Ceftaroline fosamil,
DB06594,Agomelatine,BE0000533;BE0000515;BE0000327
DB06605,Apixaban,BE0000216
DB06616,Bosutinib,BE0004743;BE0000014;BE0004315;BE0001424;BE0000838;BE0001072;BE0000870;BE0004744;BE0004745;BE0004384
DB06623,Flupirtine,BE0000289
DB06626,Axitinib,BE0000029;BE0000369;BE0000023
DB06637,Dalfampridine,BE0000781;BE0004715;BE0004716;BE0004502;BE0004717;BE0004718;BE0004719;BE0004720;BE0004721;BE0004722;BE0004723;BE0004724;BE0004725;BE0004726;BE0003603;BE0003604
DB06643,Denosumab,BE0003517
DB06655,Liraglutide,BE0000857
DB06663,Pasireotide,BE0000452;BE0003528;BE0003529;BE0002147
DB06674,golimumab,BE0000704
DB06681,Belatacept,BE0000846;BE0000847
DB06684,Vilazodone,BE0000291
DB06689,Ethanolamine Oleate,BE0004817;BE0004672
DB06691,Mepyramine,BE0000442
DB06692,Aprotinin,BE0001739;BE0003531;BE0000211;BE0001091
DB06694,Xylometazoline,BE0000501;BE0000289;BE0000572;BE0000575;BE0000715;BE0000342
DB06695,Dabigatran etexilate,BE0000048
DB06696,Arbekacin,BE0000279
DB06697,Artemether,
DB06698,Betahistine,BE0000442;BE0000968
DB06699,Degarelix,BE0000203
DB06700,Desvenlafaxine,BE0000749;BE0000486
DB06701,Dexmethylphenidate,BE0000647;BE0000486;BE0000749
DB06702,Fesoterodine,BE0000045;BE0000405;BE0000092;BE0000560;BE0000247
DB06703,Gadobutrol,
DB06704,Iobenguane,
DB06705,Gadofosveset trisodium,
DB06706,Isometheptene,BE0000501;BE0000118
DB06707,Levonordefrin,BE0000501;BE0000486
DB06708,Lumefantrine,
DB06709,Methacholine,BE0000045
DB06710,Methyltestosterone,BE0000132
DB06711,Naphazoline,BE0000501;BE0000289
DB06712,Nilvadipine,BE0000430;BE0000691;BE0002354;BE0002359;BE0002355;BE0003563
DB06713,Norelgestromin,BE0000557
DB06714,Propylhexedrine,BE0000118;BE0001044
DB06715,Potassium Iodide,BE0004824
DB06716,Fospropofol,BE0002346;BE0002345
DB06717,Fosaprepitant,
DB06718,Stanozolol,BE0004844;BE0004843
DB06719,Buserelin,BE0000134;BE0000203
DB06720,Velaglucerase alfa,BE0000978
DB06723,Aluminum hydroxide,
DB06724,Calcium carbonate,
DB06725,Lornoxicam,BE0000017;BE0000262
DB06729,Sulfaphenazole,BE0000803
DB06730,Gestodene,
DB06738,Ketobemidone,BE0000770;BE0000632;BE0000420;BE0004956
DB06742,Ambroxol,
DB06751,Drotaverine,BE0001133;BE0000430
DB06766,Alcaftadine,BE0000442
DB06768,Ammonium lactate,
DB06770,Benzyl alcohol,
DB06771,Besifloxacin,BE0000429;BE0003726;BE0000366;BE0003724
DB06772,Cabazitaxel,BE0001391;BE0000026
DB06775,Carglumic Acid,BE0004671
DB06777,Chenodeoxycholic acid,BE0001777
DB06779,Dalteparin,BE0000280;BE0000163;BE0000967;BE0001159
DB06781,Difluprednate,BE0000794
DB06782,Dimercaprol,BE0004813;BE0004802;BE0004814
DB06795,Mafenide,BE0003628
DB06800,Methylnaltrexone,BE0000770;BE0000632
DB06802,Nepafenac,BE0000017;BE0000262
DB06803,Niclosamide,BE0004796
DB06804,Nonoxynol-9,
DB06809,Plerixafor,BE0000919
DB06810,Plicamycin,BE0004796
DB06811,Polidocanol,
DB06813,Pralatrexate,BE0000330;BE0000324
DB06817,Raltegravir,BE0004855
DB06822,Tinzaparin,BE0000280;BE0000590;BE0001150
DB06827,Viomycin,BE0004846
DB07402,Azapropazone,
DB08604,Triclosan,BE0002006;BE0000332;BE0001774;BE0004346;BE0004347
DB08792,Diloxanide,
DB08795,Azidocillin,BE0004644;BE0004335;BE0004643;BE0004290;BE0003624
DB08796,Pipazethate,
DB08797,Salicylamide,
DB08798,Sulfamoxole,BE0002360
DB08799,Antazoline,BE0000442
DB08800,Chloropyramine,BE0000442
DB08801,Dimetindene,BE0000442;BE0000560
DB08802,Isothipendyl,BE0000442
DB08803,Tymazoline,
DB08804,Nandrolone decanoate,BE0000132
DB08806,Roxatidine acetate,BE0000112
DB08807,Bopindolol,BE0000172;BE0000694;BE0000291;BE0000797;BE0001012
DB08808,Bupranolol,BE0000172;BE0000694;BE0001012
DB08810,Cinitapride,BE0000291;BE0000451;BE0000084
DB08811,Tofisopam,BE0001133;BE0000631;BE0000436;BE0002085
DB08813,Nadroparin,BE0000280;BE0001159;BE0001126;BE0004689
DB08814,Triflusal,BE0000017;BE0001086;BE0000005;BE0000631
DB08815,Lurasidone,BE0000756;BE0000451;BE0000650;BE0000291;BE0000342;BE0000289
DB08816,Ticagrelor,BE0000110
DB08818,Hyaluronan,BE0001113;BE0001085;BE0004702;BE0004512;BE0004606;BE0004930;BE0004933;BE0004935;BE0004936;BE0004940;BE0004944;BE0004948;BE0004952;BE0004942;BE0004943
DB08819,Tafluprost,BE0000610
DB08820,Ivacaftor,BE0001195
DB08822,Azilsartan medoxomil,BE0000062
DB08823,Spinosad,
DB08824,Ioflupane I 123,
DB08826,Deferiprone,
DB08827,Lomitapide,BE0000232
DB08828,Vismodegib,BE0004659
DB08834,Tauroursodeoxycholic acid,
DB08835,Spaglumic Acid,
DB08842,Acetylcarnitine,
DB08847,Hydroxyproline,
DB08860,Pitavastatin,BE0000574
DB08864,Rilpivirine,BE0004853;BE0000956
DB08866,Estradiol valerate/Dienogest,
DB08868,Fingolimod,BE0002432
DB08869,Tesamorelin,BE0000625
DB08870,Brentuximab vedotin,BE0003479
DB08871,Eribulin,
DB08872,gabapentin enacarbil,
DB08873,Boceprevir,BE0004701
DB08874,Fidaxomicin,BE0004732
DB08875,Cabozantinib,BE0000915;BE0000369;BE0002411
DB08876,Taliglucerase Alfa,BE0004806
DB08877,Ruxolitinib,BE0004145;BE0002408
DB08879,Belimumab,BE0000999
DB08880,Teriflunomide,BE0000382
DB08881,Vemurafenib,BE0000634
DB08882,Linagliptin,BE0000854
DB08883,Perampanel,BE0000640
DB08884,Gadoxetate,
DB08885,Aflibercept,BE0000163;BE0003148;BE0004736
DB08886,Asparaginase Erwinia chrysanthemi,
DB08887,Icosapent ethyl,
DB08888,Ocriplasmin,BE0001180;BE0000910;BE0001125
DB08889,Carfilzomib,BE0002348;BE0004739;BE0002347;BE0004737;BE0002349;BE0004738
DB08890,Linaclotide,BE0003502
DB08893,Mirabegron,BE0001012
DB08894,Peginesatide,BE0000654
DB08895,Tofacitinib,BE0002408;BE0004145;BE0003493
DB08896,Regorafenib,BE0002411;BE0000029;BE0000369;BE0000023;BE0000453;BE0000852;BE0000205;BE0002131;BE0000748;BE0003379;BE0004741;BE0001039;BE0000841;BE0000036;BE0000634;BE0003390;BE0004742;BE0000014
DB08897,Aclidinium,BE0000092;BE0000560;BE0000045;BE0000405;BE0000247
DB08898,Glucarpidase,BE0004838
DB08899,Enzalutamide,BE0000132
DB08900,Teduglutide,BE0002134
DB08901,Ponatinib,BE0000014;BE0004743;BE0000453;BE0002411;BE0003379;BE0000147;BE0002131;BE0000748;BE0002133;BE0001203;BE0000842;BE0000838;BE0004315;BE0000369;BE0000852
DB08902,Raxibacumab,BE0004747
DB08903,Bedaquiline,BE0004748
DB08904,Certolizumab pegol,BE0000704
DB08905,Formestane,
DB08906,Fluticasone furoate,BE0000794
DB08907,Canagliflozin,BE0004753;BE0004754
DB08908,Dimethyl fumarate,BE0004756
DB08909,Glycerol Phenylbutyrate,
DB08910,Pomalidomide,BE0004755;BE0000704;BE0000262
DB08911,Trametinib,BE0000870;BE0004744
DB08912,Dabrafenib,BE0000634;BE0000036;BE0004757;BE0004758;BE0004759
DB08913,Radium Ra 223 Dichloride,
DB08914,"Insulin, isophane",BE0000033
DB08916,Afatinib,BE0000767;BE0000511;BE0004772
DB08917,Ferric Carboxymaltose,
DB08918,Levomilnacipran,BE0000749;BE0000486
DB08923,Epoetin Zeta,BE0000654
DB08924,Amfecloral,
DB08928,Arsthinol,
DB08930,Dolutegravir,BE0004855
DB08932,MACITENTAN,BE0000521;BE0000043
DB08933,LULICONAZOLE,BE0000233
DB08934,SOFOSBUVIR,
DB08935,Obinutuzumab,BE0000066
DB08936,Chlorcyclizine,BE0000442
